marcador,negativo,resolucao,recorte_cellpose,limiar,dice,precision,recall,mass_ratio,dif_dice,n_melhor,dice_20x
cellpose,complemento,128,nenhum,0.5,0.7950249280405323,0.777898400151096,0.8163180818966946,1.0530137163313404,-0.04999535600529902,0,0.7124632696010305
cellpose,complemento,128,nenhum,0.6,0.7826471564963183,0.8309670043960365,0.7430582686831148,0.8959621531075689,-0.062373127549512894,0,0.6762248746026175
cellpose,complemento,128,nenhum,0.7,0.7377788346474372,0.8742200354722066,0.6426130790943223,0.7357334435216831,-0.10724144939839408,0,0.5874361634062909
cellpose,complemento,128,nenhum,0.8,0.6394294593698265,0.9063519888485927,0.5005916588049976,0.5522975948354277,-0.20559082467600476,0,0.4152170362238847
cellpose,complemento,128,nenhum,0.9,0.40568482651629223,0.9246997615696312,0.26803529327116643,0.28896382689168026,-0.43933545752953906,0,0.11776059067549888
cellpose,complemento,128,r3,0.5,0.7984593344330804,0.784888560578764,0.815815022675723,1.042765870464528,-0.046560949612750854,0,0.7177117336571012
cellpose,complemento,128,r3,0.6,0.7836762395263362,0.83346395520397,0.7429193735879742,0.8930818276980901,-0.061344044519495,0,0.6778217639950322
cellpose,complemento,128,r3,0.7,0.7380427387614552,0.8750283143367251,0.6425871702111153,0.7350339901790978,-0.10697754528437604,0,0.5877930871398981
cellpose,complemento,128,r3,0.8,0.6394779063528814,0.9065805627452719,0.5005877137312827,0.5521642690110827,-0.2055423776929499,0,0.4152626965952455
cellpose,complemento,128,r3,0.9,0.40568761107788376,0.9247734970840102,0.2680347072732403,0.28894950181580237,-0.4393326729679475,0,0.11775526504141746
cellpose,complemento,128,r8,0.5,0.7950286525034894,0.7779051712968796,0.8163180818966946,1.053003760720197,-0.04999163154234194,0,0.7124632696010305
cellpose,complemento,128,r8,0.6,0.782648080357022,0.8309689305863464,0.7430582686831148,0.8959598249824333,-0.06237220368880926,0,0.6762248746026175
cellpose,complemento,128,r8,0.7,0.7377788346474372,0.8742200354722066,0.6426130790943223,0.7357334435216831,-0.10724144939839408,0,0.5874361634062909
cellpose,complemento,128,r8,0.8,0.6394294593698265,0.9063519888485927,0.5005916588049976,0.5522975948354277,-0.20559082467600476,0,0.4152170362238847
cellpose,complemento,128,r8,0.9,0.40568482651629223,0.9246997615696312,0.26803529327116643,0.28896382689168026,-0.43933545752953906,0,0.11776059067549888
cellpose,complemento,256,nenhum,0.5,0.8369036580410397,0.8325108722281718,0.8440598164840689,1.0168852698425905,-0.008116626004791563,5,0.8172547805611193
cellpose,complemento,256,nenhum,0.6,0.8322657562779995,0.8668106504001483,0.8030948810826049,0.9289010184313671,-0.012754527767831793,0,0.8048829681167381
cellpose,complemento,256,nenhum,0.7,0.8126771731987054,0.894038616627464,0.748433687889836,0.8393983817875277,-0.032343110847125926,0,0.7549788107120158
cellpose,complemento,256,nenhum,0.8,0.7705085726868857,0.916277533422476,0.6705982708091807,0.7341796898771654,-0.07451171135894558,0,0.646766191412956
cellpose,complemento,256,nenhum,0.9,0.6679092727060156,0.9348428911255253,0.5319908422117464,0.5712563075335497,-0.1771110113398156,0,0.3854575001050269
cellpose,complemento,256,r3,0.5,0.8369058272804765,0.8325152558456865,0.8440597449489868,1.0168799493961058,-0.00811445676535483,5,0.8172582646388539
cellpose,complemento,256,r3,0.6,0.8322660548742977,0.866811325482835,0.8030948810826049,0.928900345748607,-0.012754229171533609,0,0.8048834644690327
cellpose,complemento,256,r3,0.7,0.8126771731987054,0.894038616627464,0.748433687889836,0.8393983817875277,-0.032343110847125926,0,0.7549788107120158
cellpose,complemento,256,r3,0.8,0.7705085726868857,0.916277533422476,0.6705982708091807,0.7341796898771654,-0.07451171135894558,0,0.646766191412956
cellpose,complemento,256,r3,0.9,0.6679092727060156,0.9348428911255253,0.5319908422117464,0.5712563075335497,-0.1771110113398156,0,0.3854575001050269
cellpose,complemento,256,r8,0.5,0.8369036580410397,0.8325108722281718,0.8440598164840689,1.0168852698425905,-0.008116626004791563,5,0.8172547805611193
cellpose,complemento,256,r8,0.6,0.8322657562779995,0.8668106504001483,0.8030948810826049,0.9289010184313671,-0.012754527767831793,0,0.8048829681167381
cellpose,complemento,256,r8,0.7,0.8126771731987054,0.894038616627464,0.748433687889836,0.8393983817875277,-0.032343110847125926,0,0.7549788107120158
cellpose,complemento,256,r8,0.8,0.7705085726868857,0.916277533422476,0.6705982708091807,0.7341796898771654,-0.07451171135894558,0,0.646766191412956
cellpose,complemento,256,r8,0.9,0.6679092727060156,0.9348428911255253,0.5319908422117464,0.5712563075335497,-0.1771110113398156,0,0.3854575001050269
cellpose,cp_fundo_esparso,128,nenhum,0.5,0.6771696735131673,0.5367813171888427,0.929620219828808,1.7672693982746146,-0.167850610532664,0,0.604037308679391
cellpose,cp_fundo_esparso,128,nenhum,0.6,0.7164035213811847,0.5992039213522241,0.9011199249104846,1.5286252774680344,-0.1286167626646466,0,0.6326900081006427
cellpose,cp_fundo_esparso,128,nenhum,0.7,0.7467471323652495,0.665708575977862,0.8592065947902323,1.3074635963020806,-0.09827315168058172,0,0.6503111515296863
cellpose,cp_fundo_esparso,128,nenhum,0.8,0.7591373390646422,0.7398653546562922,0.7870350465535408,1.0732281687740823,-0.08588294498118902,0,0.6419511542281936
cellpose,cp_fundo_esparso,128,nenhum,0.9,0.7054220152163381,0.8244075505247531,0.6253021359165165,0.7610708973894442,-0.13959826882949314,0,0.5370259249655466
cellpose,cp_fundo_esparso,128,r3,0.5,0.773134534091496,0.6807546737527649,0.8999753075872545,1.3322044954512897,-0.07188574995433519,0,0.7000441737934353
cellpose,cp_fundo_esparso,128,r3,0.6,0.7803025249024045,0.703584477217413,0.8809999800841906,1.2608112274860894,-0.06471775914342674,0,0.7038032333681463
cellpose,cp_fundo_esparso,128,r3,0.7,0.7846507720935578,0.7348012049217312,0.8469690225733181,1.1596812135567258,-0.06036951195227351,0,0.6984756168279825
cellpose,cp_fundo_esparso,128,r3,0.8,0.7769842258341175,0.778510350056836,0.7810172282595927,1.0080573500933556,-0.06803605821171371,0,0.6688649370561582
cellpose,cp_fundo_esparso,128,r3,0.9,0.7100875098952976,0.8389855052023304,0.6238612503747378,0.7451616432201443,-0.13493277415053373,0,0.5450725365118051
cellpose,cp_fundo_esparso,128,r8,0.5,0.7122402652102763,0.5871744938145088,0.9137479300791579,1.57686856270019,-0.13278001883555496,0,0.619145520808252
cellpose,cp_fundo_esparso,128,r8,0.6,0.7378723411537298,0.63374720715451,0.8911715197643928,1.4234094093833825,-0.10714794289210147,0,0.6423868114471308
cellpose,cp_fundo_esparso,128,r8,0.7,0.75808607187619,0.6866977062796834,0.8536433903578444,1.2562143973502082,-0.08693421216964123,0,0.6558455855141943
cellpose,cp_fundo_esparso,128,r8,0.8,0.7636467839447195,0.7501795211536304,0.7844889751217172,1.053659318472792,-0.08137350010111175,0,0.644700849557113
cellpose,cp_fundo_esparso,128,r8,0.9,0.706328906009426,0.8273635716426381,0.6248081462275503,0.7573698026128906,-0.1386913780364053,0,0.5378326139605732
cellpose,cp_fundo_esparso,256,nenhum,0.5,0.5966831635068075,0.4554849353339556,0.9496357780184967,2.47737990694779,-0.2483371205390238,0,0.6835203834881575
cellpose,cp_fundo_esparso,256,nenhum,0.6,0.6295189635514189,0.4982706947306732,0.9314814299382972,2.200976856166711,-0.21550132049441234,0,0.7195210677758489
cellpose,cp_fundo_esparso,256,nenhum,0.7,0.6626854484347743,0.5472268590991303,0.9064520379100397,1.9212780730950378,-0.18233483561105696,0,0.7498124802274083
cellpose,cp_fundo_esparso,256,nenhum,0.8,0.6970799989793209,0.6092721291786827,0.8671605718372817,1.6119779574451194,-0.14794028506651033,0,0.7689517050966509
cellpose,cp_fundo_esparso,256,nenhum,0.9,0.7269172776499613,0.7034064596196786,0.7856173973908757,1.2157775909801025,-0.11810300639587003,0,0.7514085311187481
cellpose,cp_fundo_esparso,256,r3,0.5,0.7921865494389622,0.7060775549538588,0.906433509578738,1.2916373771821703,-0.052833734606869076,1,0.7515338582236163
cellpose,cp_fundo_esparso,256,r3,0.6,0.8039036662581195,0.7315942572913315,0.8956390086797915,1.2305780631215675,-0.04111661778771179,1,0.770567167744813
cellpose,cp_fundo_esparso,256,r3,0.7,0.8147285097767213,0.7620896617598358,0.8782424514599162,1.157534164901377,-0.030291774269109988,1,0.7864719136443835
cellpose,cp_fundo_esparso,256,r3,0.8,0.8216058460606622,0.8001217015912363,0.8470851178050341,1.0628299309387765,-0.023414437985168998,0,0.7930951542567511
cellpose,cp_fundo_esparso,256,r3,0.9,0.809742123380066,0.8521698220604531,0.7748646385360718,0.9127510064824786,-0.03527816066576524,0,0.7626496680408618
cellpose,cp_fundo_esparso,256,r8,0.5,0.7545086035342639,0.6432641948303522,0.9179595271177611,1.4413316145673278,-0.09051168051156744,0,0.729229656636976
cellpose,cp_fundo_esparso,256,r8,0.6,0.7770340741298395,0.68380852379241,0.9044952646759556,1.3339511306381764,-0.06798620991599172,0,0.7565622026201373
cellpose,cp_fundo_esparso,256,r8,0.7,0.7967799993590534,0.7276279506275433,0.8845052920547823,1.2241165623290144,-0.04824028468677792,0,0.7780824610270741
cellpose,cp_fundo_esparso,256,r8,0.8,0.8112872250679574,0.7781842566640064,0.8508221590064156,1.099451323362621,-0.03373305897787391,0,0.7888040048725854
cellpose,cp_fundo_esparso,256,r8,0.9,0.8057830516958723,0.8422690867624869,0.7762608343852907,0.9259417907016225,-0.03923723234995901,0,0.7612572653861275
cellpose,cp_fundo_r3,128,nenhum,0.5,0.776892248308219,0.6961838219346875,0.8847653033241232,1.281417661975307,-0.06812803573761225,0,0.7018877831109399
cellpose,cp_fundo_r3,128,nenhum,0.6,0.792677661364249,0.7532979658482404,0.8415712025214745,1.1239456839026325,-0.052342622681582324,0,0.7121033380680878
cellpose,cp_fundo_r3,128,nenhum,0.7,0.7851252255538599,0.8069223121218102,0.7700376118706056,0.9582953282283105,-0.059895058491971395,0,0.6792088471143815
cellpose,cp_fundo_r3,128,nenhum,0.8,0.7315941558474824,0.8546944090801087,0.6476700333931479,0.7594289430685469,-0.11342612819834884,0,0.5596418330036812
cellpose,cp_fundo_r3,128,nenhum,0.9,0.5479238551861276,0.8903460361344979,0.4098324407690771,0.45865109637604906,-0.2970964288597036,0,0.2717554578697314
cellpose,cp_fundo_r3,128,r3,0.5,0.7912031345862183,0.7203704175004191,0.8824021799055803,1.23282040222103,-0.053817149459613016,0,0.7250758354050605
cellpose,cp_fundo_r3,128,r3,0.6,0.799364584197318,0.7658277987061137,0.8405952581191835,1.1031471614728112,-0.045655699848513295,0,0.7234826801880311
cellpose,cp_fundo_r3,128,r3,0.7,0.7881309377640232,0.8134603625160858,0.7696562204666763,0.9496502345088427,-0.056889346281808084,0,0.6841756730802807
cellpose,cp_fundo_r3,128,r3,0.8,0.7327348993159251,0.8579344451002336,0.6475393897406369,0.7562867074156223,-0.1122853847299062,0,0.5613048536114477
cellpose,cp_fundo_r3,128,r3,0.9,0.5481544424376041,0.8917947694724322,0.40980832075310675,0.45794543328680587,-0.2968658416082271,0,0.27197604821523785
cellpose,cp_fundo_r3,128,r8,0.5,0.776893648240068,0.6961863000310801,0.8847647145432976,1.2814119424283943,-0.06812663580576322,0,0.7018877831109399
cellpose,cp_fundo_r3,128,r8,0.6,0.7926779429967402,0.7532984872411757,0.8415712025214745,1.1239449670354906,-0.052342341049091065,0,0.7121033380680878
cellpose,cp_fundo_r3,128,r8,0.7,0.7851252255538599,0.8069223121218102,0.7700376118706056,0.9582953282283105,-0.059895058491971395,0,0.6792088471143815
cellpose,cp_fundo_r3,128,r8,0.8,0.7315941558474824,0.8546944090801087,0.6476700333931479,0.7594289430685469,-0.11342612819834884,0,0.5596418330036812
cellpose,cp_fundo_r3,128,r8,0.9,0.5479238551861276,0.8903460361344979,0.4098324407690771,0.45865109637604906,-0.2970964288597036,0,0.2717554578697314
cellpose,cp_fundo_r3,256,nenhum,0.5,0.8076384216338495,0.7355655587431567,0.8997309136783289,1.2301521404054059,-0.03738186241198178,2,0.7691738864847647
cellpose,cp_fundo_r3,256,nenhum,0.6,0.8226256173865618,0.7720935335270753,0.883782383554584,1.1495344201636146,-0.022394666659269546,4,0.7946774509237722
cellpose,cp_fundo_r3,256,nenhum,0.7,0.8319941470152061,0.8094439189925839,0.8589657889424793,1.064750119807733,-0.013026137030625157,6,0.8072636558018206
cellpose,cp_fundo_r3,256,nenhum,0.8,0.8301755983508518,0.8492226551018784,0.8154168282929674,0.9630756234149539,-0.014844685694979485,0,0.7905224238262271
cellpose,cp_fundo_r3,256,nenhum,0.9,0.7923015236110305,0.8933853215864005,0.7184476495035809,0.8069184333841619,-0.052718760434800824,0,0.6798105858059856
cellpose,cp_fundo_r3,256,r3,0.5,0.8084115436568654,0.7370037003681461,0.8994543979966565,1.2272988427626346,-0.0366087403889659,2,0.7701279564012168
cellpose,cp_fundo_r3,256,r3,0.6,0.8228837880148081,0.772600943652274,0.8837034462091832,1.1486632021517555,-0.02213649603102313,4,0.7949880183552521
cellpose,cp_fundo_r3,256,r3,0.7,0.8320811786600292,0.8096262725465738,0.8589433344605942,1.0644796939948438,-0.012939105385802013,6,0.8073652009732978
cellpose,cp_fundo_r3,256,r3,0.8,0.830200109142601,0.8492802685464858,0.8154101916067009,0.9630017354030627,-0.014820174903230308,0,0.7905537943978871
cellpose,cp_fundo_r3,256,r3,0.9,0.7923064632955356,0.8933984573243561,0.7184468487735798,0.8069052254175378,-0.052713820750295674,0,0.6798165096549447
cellpose,cp_fundo_r3,256,r8,0.5,0.80763838465783,0.7355655440709479,0.8997308400807258,1.2301520668078028,-0.03738189938800127,2,0.7691738864847647
cellpose,cp_fundo_r3,256,r8,0.6,0.8226256173865618,0.7720935335270753,0.883782383554584,1.1495344201636146,-0.022394666659269546,4,0.7946774509237722
cellpose,cp_fundo_r3,256,r8,0.7,0.8319941470152061,0.8094439189925839,0.8589657889424793,1.064750119807733,-0.013026137030625157,6,0.8072636558018206
cellpose,cp_fundo_r3,256,r8,0.8,0.8301755983508518,0.8492226551018784,0.8154168282929674,0.9630756234149539,-0.014844685694979485,0,0.7905224238262271
cellpose,cp_fundo_r3,256,r8,0.9,0.7923015236110305,0.8933853215864005,0.7184476495035809,0.8069184333841619,-0.052718760434800824,0,0.6798105858059856
cellpose,cp_fundo_r8,128,nenhum,0.5,0.7114127286146771,0.583736173388234,0.9213170407668353,1.6035710492844046,-0.13360755543115427,0,0.6075813552552993
cellpose,cp_fundo_r8,128,nenhum,0.6,0.7415615521036422,0.6350823333586806,0.9006990648543752,1.438416051745804,-0.10345873194218909,0,0.6424125291219935
cellpose,cp_fundo_r8,128,nenhum,0.7,0.7647361376089588,0.6922013504335452,0.8639115273293918,1.263988427107438,-0.08028414643687257,0,0.662628335259709
cellpose,cp_fundo_r8,128,nenhum,0.8,0.7692000187328493,0.7578095352143365,0.7916545416273536,1.055691347706814,-0.07582026531298194,0,0.6459496272193266
cellpose,cp_fundo_r8,128,nenhum,0.9,0.7042227227194923,0.8324156131666091,0.6238979064278983,0.7530967998895066,-0.14079756132633905,0,0.5188197447290991
cellpose,cp_fundo_r8,128,r3,0.5,0.7690765698572232,0.6697446724582974,0.9092679202903643,1.3698261996289656,-0.07594371418860808,0,0.6949550307479045
cellpose,cp_fundo_r8,128,r3,0.6,0.7787394355992522,0.694117957290959,0.8927974588616331,1.2964272683997455,-0.06628084844657915,0,0.7041869258830387
cellpose,cp_fundo_r8,128,r3,0.7,0.786705622786085,0.730192657489681,0.8592414605423705,1.185381285840156,-0.05831466125974621,0,0.7031712877082658
cellpose,cp_fundo_r8,128,r3,0.8,0.7802125979522213,0.7798440825416375,0.7893263975566054,1.0190531684432635,-0.06480768609360993,0,0.6691202367213492
cellpose,cp_fundo_r8,128,r3,0.9,0.707552974500312,0.8422680636792383,0.6231799615139385,0.7425209746651449,-0.13746730954551922,0,0.5275952494053664
cellpose,cp_fundo_r8,128,r8,0.5,0.7124597521129327,0.5852872866776075,0.9207486831963283,1.5978086163353833,-0.13256053193289866,0,0.6095397835683847
cellpose,cp_fundo_r8,128,r8,0.6,0.7420332342794294,0.6358321505900717,0.9004568324433291,1.4360391782968243,-0.10298704976640184,0,0.6434901920366294
cellpose,cp_fundo_r8,128,r8,0.7,0.7649588781657837,0.6925902264974192,0.8638060796478957,1.2629755257876754,-0.08006140588004755,0,0.6632249901734018
cellpose,cp_fundo_r8,128,r8,0.8,0.7693032555885772,0.758018083214289,0.7916117425436255,1.0552762629196017,-0.07571702845725407,0,0.6462325062348873
cellpose,cp_fundo_r8,128,r8,0.9,0.7042515033733074,0.832508127893536,0.6238836418274845,0.7529794911403831,-0.14076878067252385,0,0.5188998885822341
cellpose,cp_fundo_r8,256,nenhum,0.5,0.7632461060372916,0.6553980505203937,0.9188582186650546,1.4125279299254216,-0.08177417800853966,0,0.7109747137974572
cellpose,cp_fundo_r8,256,nenhum,0.6,0.7876239812419048,0.698931324612512,0.9063557661919195,1.3043737906555666,-0.05739630280392645,0,0.7460640278011462
cellpose,cp_fundo_r8,256,nenhum,0.7,0.8081739588380255,0.7445275660863844,0.8872318436612637,1.1971610300789424,-0.03684632520780585,1,0.7751208808066631
cellpose,cp_fundo_r8,256,nenhum,0.8,0.8220178012728803,0.7955503764611863,0.8535031967306284,1.0769631685799679,-0.023002482772951017,1,0.7913070790759801
cellpose,cp_fundo_r8,256,nenhum,0.9,0.8113184388962538,0.8569790159646036,0.7746130932663158,0.9073682175416349,-0.03370184514957746,0,0.7587254303614323
cellpose,cp_fundo_r8,256,r3,0.5,0.7852655984186883,0.6927038813311834,0.9111404518425628,1.3241423320340253,-0.059754685627143006,0,0.736309153518505
cellpose,cp_fundo_r8,256,r3,0.6,0.7994151763003393,0.7206309629146279,0.9014792449349708,1.2576450043608411,-0.04560510774549196,1,0.7597992554164227
cellpose,cp_fundo_r8,256,r3,0.7,0.8136503876097142,0.7556970175048714,0.884556285803951,1.1755557426227814,-0.03136989643611699,1,0.7813729326072516
cellpose,cp_fundo_r8,256,r3,0.8,0.8239530589345055,0.8001199403782747,0.8523656025759222,1.069236728400459,-0.021067225111325697,2,0.7934965407567406
cellpose,cp_fundo_r8,256,r3,0.9,0.8116750193567309,0.8580504173572386,0.7743858135535487,0.9059507628287791,-0.033345264689100304,0,0.7592738908137737
cellpose,cp_fundo_r8,256,r8,0.5,0.7633029627815654,0.6555090015389824,0.9187935269832321,1.412167914294688,-0.08171732126426592,0,0.7110717829865351
cellpose,cp_fundo_r8,256,r8,0.6,0.7876437300524599,0.6989752360403657,0.9063305579060316,1.3042490240731075,-0.05737655399337133,0,0.7461106338107143
cellpose,cp_fundo_r8,256,r8,0.7,0.8081814956235529,0.7445463135790388,0.8872223540540979,1.1971162127430675,-0.03683878842227832,1,0.7751336228973331
cellpose,cp_fundo_r8,256,r8,0.8,0.8220208061927515,0.7955577775886876,0.853501081394792,1.0769501884329002,-0.022999477853079785,1,0.7913079287280441
cellpose,cp_fundo_r8,256,r8,0.9,0.811318691188541,0.8569796071794682,0.7746130932663158,0.9073676382553277,-0.03370159285729016,0,0.7587254303614323
cellpose,gt_fundo_r3,128,nenhum,0.5,0.8108691144880162,0.7243770549518718,0.9254150602345864,1.2863202102070634,-0.034151169557815025,8,0.7251221976015373
cellpose,gt_fundo_r3,128,nenhum,0.6,0.8302764937977261,0.7911994529991638,0.8777307658595855,1.114737119468656,-0.014743790248105229,15,0.7345214911132752
cellpose,gt_fundo_r3,128,nenhum,0.7,0.8210894135188821,0.8510785675551283,0.7985218724990973,0.9409592176820633,-0.023930870526949134,13,0.6941492471501705
cellpose,gt_fundo_r3,128,nenhum,0.8,0.7598050580205533,0.9015156444315029,0.6653112948150329,0.7381820353947053,-0.08521522602527798,4,0.5619968653262073
cellpose,gt_fundo_r3,128,nenhum,0.9,0.56282728632454,0.9348893699369469,0.41685101467727337,0.4425779209110697,-0.28219299772129125,0,0.2833790473091819
cellpose,gt_fundo_r3,128,r3,0.5,0.8163596425955488,0.751916782744077,0.8968775863840519,1.1990230762940042,-0.028660641450282402,10,0.7448938490779998
cellpose,gt_fundo_r3,128,r3,0.6,0.830204746148379,0.8061860900697407,0.8594554532272122,1.0699947077566825,-0.014815537897452285,14,0.7439078134557487
cellpose,gt_fundo_r3,128,r3,0.7,0.8194389530966573,0.8592950545853786,0.7879951852041106,0.9190023174045916,-0.025581330949173975,13,0.6982074575989915
cellpose,gt_fundo_r3,128,r3,0.8,0.7581170722856051,0.90568039875677,0.6602810135110042,0.7290178803438048,-0.08690321176022621,3,0.5633810595846295
cellpose,gt_fundo_r3,128,r3,0.9,0.5618245363772696,0.9367002469543795,0.4153699910992829,0.44022956853940587,-0.28319574766856176,0,0.2835507976214302
cellpose,gt_fundo_r3,128,r8,0.5,0.803929284559333,0.7230543382388473,0.9102734516606801,1.2680108146995428,-0.041090999486498234,6,0.7233598321966023
cellpose,gt_fundo_r3,128,r8,0.6,0.825578658191976,0.7905918190294686,0.8683638814052791,1.1039335601781084,-0.019441625853855313,13,0.7337714321634468
cellpose,gt_fundo_r3,128,r8,0.7,0.8180789840597062,0.8508877827465079,0.7931215319810331,0.934928048509033,-0.02694129998612502,12,0.6938482499491534
cellpose,gt_fundo_r3,128,r8,0.8,0.758022972330375,0.9014773924881185,0.6625892329704007,0.735243111079881,-0.0869973117154563,3,0.5619014335661179
cellpose,gt_fundo_r3,128,r8,0.9,0.5620230334011822,0.934890392956615,0.4159463310206466,0.44163025356766017,-0.2829972506446491,0,0.28337672916618656
cellpose,gt_fundo_r3,256,nenhum,0.5,0.8465373955996488,0.7657972710727601,0.948843179211406,1.2435685713797977,0.0015171115538175732,19,0.7971374221768887
cellpose,gt_fundo_r3,256,nenhum,0.6,0.8668086685916173,0.814153097571153,0.9285802767631024,1.1430751135106505,0.02178838454578597,30,0.827153536633339
cellpose,gt_fundo_r3,256,nenhum,0.7,0.8785338890887525,0.8607986109507433,0.8985481000192721,1.0451200812799888,0.03351360504292123,35,0.8418292776499078
cellpose,gt_fundo_r3,256,nenhum,0.8,0.8753975759258358,0.9075671032393736,0.8473442109399921,0.9342363194698975,0.030377291880004625,33,0.822781675825455
cellpose,gt_fundo_r3,256,nenhum,0.9,0.8277601648406533,0.9534533808194314,0.736255218110153,0.7723891572438605,-0.017260119205177987,19,0.7010731930088676
cellpose,gt_fundo_r3,256,r3,0.5,0.8324075855671084,0.7685831385366739,0.9109222883867839,1.1897433098284738,-0.012612698478722937,14,0.7890072579775484
cellpose,gt_fundo_r3,256,r3,0.6,0.8542199073802041,0.8150135621135296,0.8996375483984661,1.1063403467404997,0.009199623334372835,22,0.8202279178133195
cellpose,gt_fundo_r3,256,r3,0.7,0.8687677768339892,0.8610613703825226,0.8783836797227051,1.0213588784462886,0.023747492788157944,34,0.8371366510476266
cellpose,gt_fundo_r3,256,r3,0.8,0.8690073252964164,0.90772411077375,0.835452212350075,0.9209610311447144,0.023987041250585112,33,0.8204114894154454
cellpose,gt_fundo_r3,256,r3,0.9,0.8249539112903105,0.9535349633833993,0.7317894971772404,0.7676375375117918,-0.020066372755520718,16,0.7003605676500975
cellpose,gt_fundo_r3,256,r8,0.5,0.8347950852868642,0.7641355815897293,0.9229101239112713,1.2123225213229094,-0.010225198758967073,14,0.791773558904732
cellpose,gt_fundo_r3,256,r8,0.6,0.8571536307605454,0.8130677748072608,0.9085206105232106,1.119923725667184,0.012133346714714138,23,0.8233177071464987
cellpose,gt_fundo_r3,256,r8,0.7,0.8712739602845293,0.8602170217379524,0.8843951158714443,1.0293705585820567,0.02625367623869813,35,0.8395073542995356
cellpose,gt_fundo_r3,256,r8,0.8,0.8706693277099539,0.9073607509355426,0.838834199141969,0.9250673394512597,0.025649043664122576,33,0.8216279212493206
cellpose,gt_fundo_r3,256,r8,0.9,0.8256558733856093,0.953422859434274,0.7329587816078695,0.7689549798008348,-0.01936441066022192,18,0.7006852862638357
cellpose,zero,128,nenhum,0.5,0.7381536626320953,0.6344746886140543,0.8970543396901386,1.446733054698424,-0.10686662141373601,0,0.6050309729986748
cellpose,zero,128,nenhum,0.6,0.7578664360954117,0.6813291875808967,0.867128728435366,1.2991260088773426,-0.08715384795041956,0,0.623773132409217
cellpose,zero,128,nenhum,0.7,0.7687409394301066,0.7306525154580871,0.8225478224411337,1.1447842938540325,-0.07627934461572476,0,0.6309383564494743
cellpose,zero,128,nenhum,0.8,0.7612528764520613,0.7857183221344922,0.7473148548287109,0.9614473727714883,-0.08376740759377,0,0.6107065345867858
cellpose,zero,128,nenhum,0.9,0.6899109926401689,0.8501304441701325,0.5882593558589464,0.6929911600641669,-0.15510929140566243,0,0.4863890605827523
cellpose,zero,128,r3,0.5,0.7812810381116024,0.7039529440727076,0.8841942540584956,1.2665027715510648,-0.06373924593422882,0,0.7008451734614688
cellpose,zero,128,r3,0.6,0.78658896777786,0.7307123665199133,0.8584002478862797,1.183999922513041,-0.0584313162679712,0,0.7001587779557538
cellpose,zero,128,r3,0.7,0.7864495828535508,0.763976576470752,0.8171521422354691,1.0771676384148627,-0.05857070119228037,0,0.6883645908547305
cellpose,zero,128,r3,0.8,0.7702750955591852,0.805716073977032,0.7446344447496183,0.9290551082196856,-0.07474518848664605,0,0.6470805960579399
cellpose,zero,128,r3,0.9,0.6921167410895457,0.8582121177596026,0.5875812868225896,0.6852227312732226,-0.15290354295628558,0,0.4948099848772021
cellpose,zero,128,r8,0.5,0.7434028627198348,0.642937467664624,0.8933643801994994,1.4154360186307116,-0.10161742132599637,0,0.6235969952375487
cellpose,zero,128,r8,0.6,0.7612016697058135,0.6870988220199403,0.8647681146763726,1.2800880469978702,-0.08381861434001772,0,0.6393648731152514
cellpose,zero,128,r8,0.7,0.7708184380161717,0.7346033154309953,0.8211341417050647,1.1337039526168216,-0.07420184602965957,0,0.6433921381276287
cellpose,zero,128,r8,0.8,0.762358216877649,0.7882602733410248,0.7466096789842961,0.956072942493748,-0.08266206716818214,0,0.6187535854930969
cellpose,zero,128,r8,0.9,0.6900896475067604,0.8510306096361479,0.5880756858356065,0.6919312728297459,-0.15493063653907088,0,0.4879879351172273
cellpose,zero,256,nenhum,0.5,0.7953400768139234,0.7120013461869662,0.9055644867970134,1.2797448337708606,-0.049680207231907955,0,0.7621518653723363
cellpose,zero,256,nenhum,0.6,0.810294778983329,0.7473126832199938,0.8889765927084577,1.1956005550800464,-0.03472550506250225,1,0.7817555010223213
cellpose,zero,256,nenhum,0.7,0.8209920999278288,0.7825280904739496,0.8670269163434678,1.1126009809719746,-0.024028184118002425,1,0.7929541408894671
cellpose,zero,256,nenhum,0.8,0.8250178414364417,0.820555125023707,0.8329749812781013,1.018762168683871,-0.02000244260938949,0,0.7893913508524268
cellpose,zero,256,nenhum,0.9,0.8091420329187329,0.8672517019788568,0.7629244647422951,0.8827350790396987,-0.035878251127098366,0,0.7352176354693812
cellpose,zero,256,r3,0.5,0.8057678881768289,0.7342224314999161,0.8969460721248784,1.2281329404878072,-0.03925239586900235,1,0.7681994041648285
cellpose,zero,256,r3,0.6,0.8159253775306663,0.7606876224076093,0.8835016742348518,1.1666407655134188,-0.029094906515164887,1,0.7842699028882792
cellpose,zero,256,r3,0.7,0.8237125050422934,0.789926919333014,0.863871347613309,1.0977854410859367,-0.02130777900353785,2,0.7938745160646808
cellpose,zero,256,r3,0.8,0.8261098632860979,0.8240438222216192,0.8315209097180674,1.0125104727863072,-0.01891042075973335,0,0.789672696366572
cellpose,zero,256,r3,0.9,0.8093618789577851,0.8681902461583417,0.7625709809053668,0.8813351717758119,-0.035658405088046165,0,0.7352880220139393
cellpose,zero,256,r8,0.5,0.7974109059309231,0.7173332630987274,0.9021346354565296,1.264917461606938,-0.04760937811490807,0,0.7623381036864704
cellpose,zero,256,r8,0.6,0.8112462500879049,0.7502240433932106,0.8869925003702445,1.1879775156705066,-0.03377403395792642,1,0.7816997023413398
cellpose,zero,256,r8,0.7,0.8213881638818933,0.784027547085837,0.8659760532289332,1.1089578673544578,-0.023632120163937984,1,0.7928263351914092
cellpose,zero,256,r8,0.8,0.825156403529887,0.8212218122808533,0.832529015979585,1.0173208628852273,-0.019863880515944267,0,0.789328724226681
cellpose,zero,256,r8,0.9,0.8091694586670312,0.867406582012041,0.762846904685954,0.8824752452462845,-0.03585082537880003,0,0.7352218373841372
cellpose_miolo,complemento,128,nenhum,0.5,0.4758700364949147,0.9371428183380972,0.3218157485469204,0.3438710250488372,-0.36915024755091663,0,0.34629090133345225
cellpose_miolo,complemento,128,nenhum,0.6,0.3793130623155053,0.9470002070627956,0.23967196793151282,0.2533850215794411,-0.46570722173032597,0,0.24466058849182837
cellpose_miolo,complemento,128,nenhum,0.7,0.27734870086630126,0.9536193078961235,0.16428409565495058,0.17248689897818692,-0.56767158317953,0,0.1502279224229416
cellpose_miolo,complemento,128,nenhum,0.8,0.1633996937357508,0.957874901194936,0.09061918810208702,0.09471456277209529,-0.6816205903100805,0,0.06870570940756272
cellpose_miolo,complemento,128,nenhum,0.9,0.04508351209445107,0.9502230018502081,0.023389314426467044,0.024501338969054914,-0.7999367719513802,0,0.015398363612985572
cellpose_miolo,complemento,128,r3,0.5,0.47588065754539943,0.9372436384999234,0.3218157485469204,0.34383656595229667,-0.36913962650043186,0,0.34636446364939344
cellpose_miolo,complemento,128,r3,0.6,0.37931463882731903,0.9470337352915508,0.23967196793151282,0.25337814652238266,-0.4657056452185122,0,0.2446764250392083
cellpose_miolo,complemento,128,r3,0.7,0.277348978501035,0.9536358427437033,0.16428409565495058,0.17248504063633424,-0.5676713055447963,0,0.15023134658465767
cellpose_miolo,complemento,128,r3,0.8,0.16339973178938588,0.957883703914729,0.09061918810208702,0.09471409818663212,-0.6816205522564455,0,0.06870617873572851
cellpose_miolo,complemento,128,r3,0.9,0.04508351209445107,0.9502230018502081,0.023389314426467044,0.024501338969054914,-0.7999367719513802,0,0.015398363612985572
cellpose_miolo,complemento,128,r8,0.5,0.4758700364949147,0.9371428183380972,0.3218157485469204,0.3438710250488372,-0.36915024755091663,0,0.34629090133345225
cellpose_miolo,complemento,128,r8,0.6,0.3793130623155053,0.9470002070627956,0.23967196793151282,0.2533850215794411,-0.46570722173032597,0,0.24466058849182837
cellpose_miolo,complemento,128,r8,0.7,0.27734870086630126,0.9536193078961235,0.16428409565495058,0.17248689897818692,-0.56767158317953,0,0.1502279224229416
cellpose_miolo,complemento,128,r8,0.8,0.1633996937357508,0.957874901194936,0.09061918810208702,0.09471456277209529,-0.6816205903100805,0,0.06870570940756272
cellpose_miolo,complemento,128,r8,0.9,0.04508351209445107,0.9502230018502081,0.023389314426467044,0.024501338969054914,-0.7999367719513802,0,0.015398363612985572
cellpose_miolo,complemento,256,nenhum,0.5,0.5138090076262619,0.9504436608548037,0.35319587544463565,0.3722299704487839,-0.33121127641956927,0,0.5426409441365063
cellpose_miolo,complemento,256,nenhum,0.6,0.44744775177006046,0.954629798582346,0.2928944896158771,0.30730512976449,-0.39757253227577083,0,0.4234766474980058
cellpose_miolo,complemento,256,nenhum,0.7,0.37593360373313184,0.9582151362542611,0.23459338461317417,0.24524477364309982,-0.4690866803126994,0,0.2959425437177859
cellpose_miolo,complemento,256,nenhum,0.8,0.28798424647949894,0.9617241176457593,0.1704823995837206,0.17760267336444505,-0.5570360375663324,0,0.15250279949893664
cellpose_miolo,complemento,256,nenhum,0.9,0.15946040940468587,0.9644138014897389,0.08809117903790746,0.0914308994258628,-0.6855598746411454,0,0.02602987412788374
cellpose_miolo,complemento,256,r3,0.5,0.5138090076262619,0.9504436608548037,0.35319587544463565,0.3722299704487839,-0.33121127641956927,0,0.5426409441365063
cellpose_miolo,complemento,256,r3,0.6,0.44744775177006046,0.954629798582346,0.2928944896158771,0.30730512976449,-0.39757253227577083,0,0.4234766474980058
cellpose_miolo,complemento,256,r3,0.7,0.37593360373313184,0.9582151362542611,0.23459338461317417,0.24524477364309982,-0.4690866803126994,0,0.2959425437177859
cellpose_miolo,complemento,256,r3,0.8,0.28798424647949894,0.9617241176457593,0.1704823995837206,0.17760267336444505,-0.5570360375663324,0,0.15250279949893664
cellpose_miolo,complemento,256,r3,0.9,0.15946040940468587,0.9644138014897389,0.08809117903790746,0.0914308994258628,-0.6855598746411454,0,0.02602987412788374
cellpose_miolo,complemento,256,r8,0.5,0.5138090076262619,0.9504436608548037,0.35319587544463565,0.3722299704487839,-0.33121127641956927,0,0.5426409441365063
cellpose_miolo,complemento,256,r8,0.6,0.44744775177006046,0.954629798582346,0.2928944896158771,0.30730512976449,-0.39757253227577083,0,0.4234766474980058
cellpose_miolo,complemento,256,r8,0.7,0.37593360373313184,0.9582151362542611,0.23459338461317417,0.24524477364309982,-0.4690866803126994,0,0.2959425437177859
cellpose_miolo,complemento,256,r8,0.8,0.28798424647949894,0.9617241176457593,0.1704823995837206,0.17760267336444505,-0.5570360375663324,0,0.15250279949893664
cellpose_miolo,complemento,256,r8,0.9,0.15946040940468587,0.9644138014897389,0.08809117903790746,0.0914308994258628,-0.6855598746411454,0,0.02602987412788374
cellpose_miolo,cp_fundo_esparso,128,nenhum,0.5,0.647950665603758,0.7755990719695004,0.5773970976117767,0.7694787585437197,-0.1970696184420733,0,0.5208123304880005
cellpose_miolo,cp_fundo_esparso,128,nenhum,0.6,0.6006262447596534,0.8253183184554345,0.4882378814129981,0.6038572637211094,-0.24439403928617778,0,0.4299973948391665
cellpose_miolo,cp_fundo_esparso,128,nenhum,0.7,0.5297597070574008,0.8643704319798869,0.39490031617443183,0.4618552590326912,-0.31526057698843046,0,0.3114086869838122
cellpose_miolo,cp_fundo_esparso,128,nenhum,0.8,0.4277389609008838,0.8941374649016709,0.29135272867864104,0.32682087441525676,-0.4172813231449475,0,0.17232598221160914
cellpose_miolo,cp_fundo_esparso,128,nenhum,0.9,0.2704168400708122,0.9145843223989414,0.16438805258084407,0.17835197598512986,-0.5746034439750191,0,0.045143214116022366
cellpose_miolo,cp_fundo_esparso,128,r3,0.5,0.6691372396842119,0.8358471570171279,0.5713627173194592,0.6923917453182145,-0.1758830443616194,0,0.5306305533766132
cellpose_miolo,cp_fundo_esparso,128,r3,0.6,0.6109037976021585,0.8648743165986605,0.4851124657467874,0.5664613678919597,-0.23411648644367278,0,0.434100830409996
cellpose_miolo,cp_fundo_esparso,128,r3,0.7,0.5340241370149278,0.8891621704621882,0.3934291547143065,0.44523119945366374,-0.31099614703090345,0,0.31256415027049617
cellpose_miolo,cp_fundo_esparso,128,r3,0.8,0.4290973641499874,0.9095208642618154,0.2907518383631903,0.32030875612532156,-0.4159229198958439,0,0.1725864759102139
cellpose_miolo,cp_fundo_esparso,128,r3,0.9,0.2705533027146293,0.9242099766620073,0.1642269344717437,0.17668066225579207,-0.5744669813312019,0,0.04515549563428454
cellpose_miolo,cp_fundo_esparso,128,r8,0.5,0.6590351531524724,0.8062599774893385,0.5733656985465071,0.7258432690293388,-0.18598513089335886,0,0.5231151482080867
cellpose_miolo,cp_fundo_esparso,128,r8,0.6,0.6057029506226786,0.844596696059433,0.48619404954008055,0.5838553722085936,-0.2393173334231525,0,0.4308086038684266
cellpose_miolo,cp_fundo_esparso,128,r8,0.7,0.5317094850001218,0.8755355274331128,0.3939421640038998,0.4534412665977795,-0.3133107990457094,0,0.3115283835156181
cellpose_miolo,cp_fundo_esparso,128,r8,0.8,0.42831155596910236,0.9005694627572862,0.29095606749840563,0.3236234285665491,-0.41670872807672893,0,0.17238191879063533
cellpose_miolo,cp_fundo_esparso,128,r8,0.9,0.27040691679318646,0.9179593755617415,0.16425211193005948,0.17756165926990317,-0.5746133672526448,0,0.045145993842401116
cellpose_miolo,cp_fundo_esparso,256,nenhum,0.5,0.5544574416613968,0.5273758469168848,0.7202378402760613,1.9673404790440194,-0.29056284238443447,0,0.7211500917282491
cellpose_miolo,cp_fundo_esparso,256,nenhum,0.6,0.5457329537444213,0.5535534980627329,0.6548204597203804,1.6854221652428816,-0.29928733030140986,0,0.6955104617600347
cellpose_miolo,cp_fundo_esparso,256,nenhum,0.7,0.530586481583203,0.582049281511077,0.5830257112439359,1.4007857945993452,-0.3144338024626282,0,0.6507959343367276
cellpose_miolo,cp_fundo_esparso,256,nenhum,0.8,0.5049486549282346,0.6179754389213432,0.497773568933335,1.0912195583451139,-0.3400716291175966,0,0.5785348408244019
cellpose_miolo,cp_fundo_esparso,256,nenhum,0.9,0.45103236312102807,0.6794691195094261,0.37746061664568337,0.7047385006173867,-0.3939879209248032,0,0.4407158521236229
cellpose_miolo,cp_fundo_esparso,256,r3,0.5,0.7413750249807084,0.8230437276287138,0.6868990948295558,0.8500482955833139,-0.1036452590651229,0,0.7457588277407696
cellpose_miolo,cp_fundo_esparso,256,r3,0.6,0.7122738100598244,0.8461210279826238,0.6269893110962083,0.7541151150687335,-0.13274647398600692,0,0.7114709641417796
cellpose_miolo,cp_fundo_esparso,256,r3,0.7,0.6734116725231993,0.868842392527132,0.5607739617784316,0.6557546738803421,-0.17160861152263193,0,0.6603181159152386
cellpose_miolo,cp_fundo_esparso,256,r3,0.8,0.6174128546941341,0.8924684784779239,0.4814012628779766,0.5466330078204225,-0.22760742935169717,0,0.5828969939645414
cellpose_miolo,cp_fundo_esparso,256,r3,0.9,0.5183121552217111,0.9194258174213557,0.368305943854583,0.40445556359136153,-0.3267081288241202,0,0.4418016122948974
cellpose_miolo,cp_fundo_esparso,256,r8,0.5,0.7065962628564505,0.7478621839611718,0.6931807055520662,0.971014242761928,-0.1384240211893808,0,0.7407374070482916
cellpose_miolo,cp_fundo_esparso,256,r8,0.6,0.6863741081246701,0.7819466900935169,0.6317090077406676,0.841246802494199,-0.15864617592116115,0,0.7085669782999054
cellpose_miolo,cp_fundo_esparso,256,r8,0.7,0.6556085740918587,0.8164848144476405,0.5641765368888552,0.7144931104183254,-0.18941170995397252,0,0.6587441643993969
cellpose_miolo,cp_fundo_esparso,256,r8,0.8,0.6070565491537528,0.8536544583477514,0.48363426635069645,0.5811529669281049,-0.23796373489207845,0,0.5822086766199651
cellpose_miolo,cp_fundo_esparso,256,r8,0.9,0.5146196028153774,0.8979654291173452,0.36930324564379274,0.4178778192822532,-0.3304006812304538,0,0.4416137562006965
cellpose_miolo,cp_fundo_r3,128,nenhum,0.5,0.7324998536058197,0.8425879923517681,0.6538772900564389,0.7787654059920033,-0.11252043044001155,0,0.6236143433005962
cellpose_miolo,cp_fundo_r3,128,nenhum,0.6,0.6535625782964467,0.8857644004449183,0.5255336704903423,0.5946521764997664,-0.19145770574938456,0,0.487350991532651
cellpose_miolo,cp_fundo_r3,128,nenhum,0.7,0.5303559571801042,0.9140517671495472,0.3829372905474346,0.4195466908751208,-0.3146643268657271,0,0.295968908315602
cellpose_miolo,cp_fundo_r3,128,nenhum,0.8,0.358459009392209,0.9301111534643217,0.23087813780660063,0.24798032290555252,-0.4865612746536223,0,0.11171105755548165
cellpose_miolo,cp_fundo_r3,128,nenhum,0.9,0.15132570832048056,0.9287055835010128,0.08647049485586114,0.09189646788066481,-0.6936945757253508,0,0.01728711793756491
cellpose_miolo,cp_fundo_r3,128,r3,0.5,0.7340775552224794,0.8472021450517292,0.6535925149391648,0.774123157529088,-0.11094272882335181,0,0.6259760752055996
cellpose_miolo,cp_fundo_r3,128,r3,0.6,0.654032281988769,0.8877485553060633,0.5254354069150539,0.59320472799529,-0.19098800205706223,0,0.48786267066957895
cellpose_miolo,cp_fundo_r3,128,r3,0.7,0.5304873758141445,0.9149747583782597,0.38290878299383524,0.41909882464571024,-0.3145329082316868,0,0.29604495700867883
cellpose_miolo,cp_fundo_r3,128,r3,0.8,0.3584879811558367,0.9306525054309758,0.2308734346781011,0.2478577151892091,-0.48653230288999455,0,0.11172005212702053
cellpose_miolo,cp_fundo_r3,128,r3,0.9,0.15132889911956324,0.9294130028876668,0.08647042125825793,0.09186301881801069,-0.693691384926268,0,0.01728711793756491
cellpose_miolo,cp_fundo_r3,128,r8,0.5,0.7325058442601982,0.8426086491052268,0.6538772900564389,0.7787496852590581,-0.11251443978563311,0,0.6236143433005962
cellpose_miolo,cp_fundo_r3,128,r8,0.6,0.653567477954805,0.8857911094463072,0.5255336704903423,0.5946385312855694,-0.1914528060910263,0,0.487350991532651
cellpose_miolo,cp_fundo_r3,128,r8,0.7,0.5303597126699611,0.914091334352268,0.3829372905474346,0.41953418276210697,-0.3146605713758702,0,0.295968908315602
cellpose_miolo,cp_fundo_r3,128,r8,0.8,0.35846112942508035,0.9301804217253478,0.23087813780660063,0.24796943922280018,-0.48655915462075094,0,0.11171105755548165
cellpose_miolo,cp_fundo_r3,128,r8,0.9,0.15132623170427525,0.9289312184758256,0.08647049485586114,0.09188753351422634,-0.693694052341556,0,0.01728711793756491
cellpose_miolo,cp_fundo_r3,256,nenhum,0.5,0.7965103128758376,0.8385349576702051,0.7652632501510658,0.9179841092722771,-0.04850997116999358,0,0.7856844174082168
cellpose_miolo,cp_fundo_r3,256,nenhum,0.6,0.7701565890506418,0.873030456906362,0.6955131209513172,0.8003517259881482,-0.0748636949951895,0,0.7530131968295831
cellpose_miolo,cp_fundo_r3,256,nenhum,0.7,0.7219520478581076,0.9021926550909856,0.6082808055167473,0.6767927869181405,-0.1230682361877237,0,0.669177701640546
cellpose_miolo,cp_fundo_r3,256,nenhum,0.8,0.6414351724984522,0.9262202078408195,0.49740928614567653,0.5387163341797421,-0.20358511154737916,0,0.5094658065023611
cellpose_miolo,cp_fundo_r3,256,nenhum,0.9,0.4970192932206503,0.9461740323365901,0.3438703511050289,0.3643591432538803,-0.34800099082518104,0,0.24712202281924953
cellpose_miolo,cp_fundo_r3,256,r3,0.5,0.7967520189327828,0.8392143499154395,0.7651146201429617,0.91702502679121,-0.04826826511304842,0,0.7859640968053984
cellpose_miolo,cp_fundo_r3,256,r3,0.6,0.7702236509841194,0.8732696063753659,0.6954631067631648,0.8000663946489326,-0.07479663306171196,0,0.7530825757205609
cellpose_miolo,cp_fundo_r3,256,r3,0.7,0.7219700633748021,0.9022781710378641,0.608265766073045,0.6767104986033148,-0.12305022067102925,0,0.6691996745322021
cellpose_miolo,cp_fundo_r3,256,r3,0.8,0.6414391689211241,0.9262461367264702,0.49740595827252465,0.5386970528866795,-0.20358111512470717,0,0.5094686852746647
cellpose_miolo,cp_fundo_r3,256,r3,0.9,0.49701974829725015,0.9461783694867473,0.34387013305017416,0.36435715354927023,-0.3480005357485811,0,0.24712202281924953
cellpose_miolo,cp_fundo_r3,256,r8,0.5,0.7965109679601479,0.8385369431182311,0.7652624329535208,0.9179806121164508,-0.048509316085683346,0,0.7856844174082168
cellpose_miolo,cp_fundo_r3,256,r8,0.6,0.7701564903423676,0.8730304992837656,0.6955129001585076,0.8003514239738255,-0.07486379370346377,0,0.7530131968295831
cellpose_miolo,cp_fundo_r3,256,r8,0.7,0.7219519992487348,0.9021926489478621,0.6082807319191442,0.6767927133205373,-0.12306828479709649,0,0.669177701640546
cellpose_miolo,cp_fundo_r3,256,r8,0.8,0.6414351724984522,0.9262202078408195,0.49740928614567653,0.5387163341797421,-0.20358511154737916,0,0.5094658065023611
cellpose_miolo,cp_fundo_r3,256,r8,0.9,0.4970192932206503,0.9461740323365901,0.3438703511050289,0.3643591432538803,-0.34800099082518104,0,0.24712202281924953
cellpose_miolo,cp_fundo_r8,128,nenhum,0.5,0.71672964076506,0.7184080268211497,0.725194362421106,1.016473672924854,-0.12829064328077133,0,0.5774771879833299
cellpose_miolo,cp_fundo_r8,128,nenhum,0.6,0.6871926297302099,0.7810571141467395,0.62488048786193,0.8040145990848963,-0.1578276543156214,0,0.5092769576562551
cellpose_miolo,cp_fundo_r8,128,nenhum,0.7,0.617829731591454,0.8342599106571703,0.5035361296383397,0.6059706587076426,-0.22719055245437725,0,0.38278186275759957
cellpose_miolo,cp_fundo_r8,128,nenhum,0.8,0.4950152522160299,0.8772490391658404,0.3580529626641388,0.4092374505921157,-0.35000503182980136,0,0.21392787919279255
cellpose_miolo,cp_fundo_r8,128,nenhum,0.9,0.2942393160658404,0.9042937840100636,0.18451150319884352,0.2030310270955879,-0.5507809679799909,0,0.062109190742003516
cellpose_miolo,cp_fundo_r8,128,r3,0.5,0.7385489229380756,0.7678263375938185,0.7209382638143529,0.9436029191510402,-0.1064713611077556,0,0.6042364721059275
cellpose_miolo,cp_fundo_r8,128,r3,0.6,0.6978478329388368,0.8122998281309141,0.6227140134632707,0.7694138178073434,-0.14717245110699448,0,0.5198607799446289
cellpose_miolo,cp_fundo_r8,128,r3,0.7,0.6223947406537892,0.8534351130947124,0.5024891887754454,0.5905430624718299,-0.22262554339204205,0,0.3860431081016274
cellpose_miolo,cp_fundo_r8,128,r3,0.8,0.4965371352125441,0.8883931019856636,0.35760766228467855,0.40327196925323483,-0.3484831488332871,0,0.21443806690920128
cellpose_miolo,cp_fundo_r8,128,r3,0.9,0.2945084140291804,0.9118559507348033,0.18437075074817075,0.2012795444795465,-0.5505118700166509,0,0.06211385683674119
cellpose_miolo,cp_fundo_r8,128,r8,0.5,0.7173564141809456,0.7198460353680167,0.7249997876117754,1.0140886485346894,-0.1276638698648856,0,0.578319561203697
cellpose_miolo,cp_fundo_r8,128,r8,0.6,0.6874527422988296,0.7818441141121466,0.624801895335695,0.8030680437359448,-0.15756754174700172,0,0.5095326434003278
cellpose_miolo,cp_fundo_r8,128,r8,0.7,0.6179390574925602,0.8347426175866683,0.5035054908813634,0.6055706589104696,-0.22708122655327118,0,0.3828637376991117
cellpose_miolo,cp_fundo_r8,128,r8,0.8,0.49505828826372433,0.8776439550374001,0.35804070253219417,0.4090539216104833,-0.34996199578210696,0,0.21394613050347902
cellpose_miolo,cp_fundo_r8,128,r8,0.9,0.2942510134606489,0.9049384208232407,0.1845097226569135,0.20294544070611747,-0.5507692705851823,0,0.06211083693791054
cellpose_miolo,cp_fundo_r8,256,nenhum,0.5,0.7515543774733462,0.8009748989319949,0.7155309375365767,0.9022235917316163,-0.09346590657248507,0,0.7531512783491321
cellpose_miolo,cp_fundo_r8,256,nenhum,0.6,0.7263143572701483,0.8446009108522228,0.6434079487929505,0.7674555259677192,-0.11870592677568308,0,0.7337321929343315
cellpose_miolo,cp_fundo_r8,256,nenhum,0.7,0.683047530977749,0.8815650299693708,0.562548620435194,0.6416014139258881,-0.16197275306808231,0,0.6797942387957714
cellpose_miolo,cp_fundo_r8,256,nenhum,0.8,0.6145118201652059,0.9125857971195304,0.4671227502986301,0.5138799171753186,-0.23050846388062535,0,0.577616167877507
cellpose_miolo,cp_fundo_r8,256,nenhum,0.9,0.49321854498522566,0.93792474862283,0.33791091704746173,0.3613199447479122,-0.35180173906060563,0,0.37555878060921644
cellpose_miolo,cp_fundo_r8,256,r3,0.5,0.761605202387002,0.8276308952185597,0.71229999994064,0.8676768840968381,-0.08341508165882927,0,0.7629391894493768
cellpose_miolo,cp_fundo_r8,256,r3,0.6,0.7312622462627228,0.8608937745565027,0.6415400343967023,0.7500230661794777,-0.11375803778310849,0,0.7380496539654035
cellpose_miolo,cp_fundo_r8,256,r3,0.7,0.6850950735291661,0.8905575750113244,0.5615480067535873,0.6336864396699952,-0.15992521051666514,0,0.6813304814054217
cellpose_miolo,cp_fundo_r8,256,r3,0.8,0.6150955615612469,0.9165446285722194,0.46671120409609285,0.5111093167378694,-0.22992472248458443,0,0.5779342592135923
cellpose_miolo,cp_fundo_r8,256,r3,0.9,0.493274711638318,0.9389490200031384,0.33782160085178387,0.3608136432157787,-0.3517455724075133,0,0.37557136109355627
cellpose_miolo,cp_fundo_r8,256,r8,0.5,0.7516018922926899,0.8011172629255182,0.7154967473780769,0.902005203965726,-0.09341839175314137,0,0.7532640212711427
cellpose_miolo,cp_fundo_r8,256,r8,0.6,0.7263278435392894,0.8446593747484619,0.6433933421488645,0.7673809686524974,-0.11869244050654197,0,0.7337650635418683
cellpose_miolo,cp_fundo_r8,256,r8,0.7,0.6830517684048095,0.8815910987764806,0.5625428623349097,0.6415741822666463,-0.16196851564102172,0,0.67979950328583
cellpose_miolo,cp_fundo_r8,256,r8,0.8,0.6145130364833709,0.9125978041112075,0.4671205555125083,0.5138698713150983,-0.23050724756246035,0,0.5776171088062318
cellpose_miolo,cp_fundo_r8,256,r8,0.9,0.49321900415949754,0.9379282650197549,0.3379107559149139,0.36131813437191035,-0.35180127988633375,0,0.37555878060921644
cellpose_miolo,gt_fundo_r3,128,nenhum,0.5,0.7650198741726808,0.882383501113061,0.6804961787174775,0.7721298840578829,-0.08000040987315045,3,0.6364667161029439
cellpose_miolo,gt_fundo_r3,128,nenhum,0.6,0.679504128192661,0.9274003517641205,0.5435179723814887,0.586106211155776,-0.16551615585317023,0,0.49461733704365446
cellpose_miolo,gt_fundo_r3,128,nenhum,0.7,0.5492672009827209,0.9550525675694549,0.3949173226653452,0.4132277173631191,-0.2957530830631103,0,0.29774527066339723
cellpose_miolo,gt_fundo_r3,128,nenhum,0.8,0.37122069872999003,0.969749268317649,0.2389965173123848,0.24590944343284302,-0.47379958531584127,0,0.10872007305610609
cellpose_miolo,gt_fundo_r3,128,nenhum,0.9,0.15985475725803475,0.9735806499140572,0.09190735954887548,0.09360977192086488,-0.6851655267877965,0,0.012970669658509687
cellpose_miolo,gt_fundo_r3,128,r3,0.5,0.7602290838528349,0.8909248890465833,0.668055698167703,0.7508085992773496,-0.0847912001929964,1,0.6365507516760759
cellpose_miolo,gt_fundo_r3,128,r3,0.6,0.6751028710205195,0.9319363132632204,0.5362596771374136,0.5754922749630919,-0.1699174130253118,0,0.494018419353982
cellpose_miolo,gt_fundo_r3,128,r3,0.7,0.5458798770561218,0.9574816156584094,0.3908734492345191,0.4079552799388461,-0.29914040698970945,0,0.29734161080723703
cellpose_miolo,gt_fundo_r3,128,r3,0.8,0.3690907330150148,0.9709803676912848,0.23710294141699678,0.2436464290309436,-0.47592955103081647,0,0.1085775947398213
cellpose_miolo,gt_fundo_r3,128,r3,0.9,0.15897683544169813,0.9742215429015734,0.09133666214436331,0.09297734074810336,-0.6860434486041331,0,0.012970669658509687
cellpose_miolo,gt_fundo_r3,128,r8,0.5,0.7600109574390072,0.8833097086906673,0.6720803117878792,0.7618852792908379,-0.08500932660682413,2,0.6350338038913265
cellpose_miolo,gt_fundo_r3,128,r8,0.6,0.6757502415219796,0.9282518830897528,0.5383907165893757,0.5801164988851343,-0.16927004252385164,0,0.49385833742095747
cellpose_miolo,gt_fundo_r3,128,r8,0.7,0.5465511604153533,0.9556776037684823,0.39194817871574267,0.40989076944210323,-0.2984691236304779,0,0.29736481938247844
cellpose_miolo,gt_fundo_r3,128,r8,0.8,0.3695446051484029,0.970139852041925,0.23756482743364224,0.24435431968806584,-0.47547567889742837,0,0.108600292689965
cellpose_miolo,gt_fundo_r3,128,r8,0.9,0.15916137408812325,0.9739413081941077,0.09146684701862809,0.0931379932345562,-0.685858909957708,0,0.012970669658509687
cellpose_miolo,gt_fundo_r3,256,nenhum,0.5,0.8384607595262874,0.8881346754011438,0.7990233155269422,0.9029411417733431,-0.0065595245195438166,17,0.8173336514692114
cellpose_miolo,gt_fundo_r3,256,nenhum,0.6,0.806781718315627,0.9260926432555258,0.7194361747358553,0.7786201289171383,-0.03823856573020429,6,0.7819071889045186
cellpose_miolo,gt_fundo_r3,256,nenhum,0.7,0.7506030883353147,0.9549636929277854,0.6230252387142656,0.653314575997392,-0.09441719571051653,0,0.6918638775481764
cellpose_miolo,gt_fundo_r3,256,nenhum,0.8,0.6601672028077021,0.9758558359689358,0.5038741298427054,0.5166628559836116,-0.18485308123812916,0,0.5250298736558973
cellpose_miolo,gt_fundo_r3,256,nenhum,0.9,0.5044553814433381,0.9893018417351951,0.3439009906989668,0.34751152308808236,-0.34056490260249306,0,0.25612882002603493
cellpose_miolo,gt_fundo_r3,256,r3,0.5,0.8264989151987777,0.8935543799014573,0.7740482521845403,0.8695442289268809,-0.01852136884705352,9,0.8103105684288603
cellpose_miolo,gt_fundo_r3,256,r3,0.6,0.7963846085496135,0.9295661787096097,0.7014234523080578,0.7563273433011183,-0.048635675496217765,3,0.7764119145431595
cellpose_miolo,gt_fundo_r3,256,r3,0.7,0.7424069637608889,0.9570905395156938,0.6111045961258069,0.6393952315855009,-0.10261332028494245,0,0.6882657821858874
cellpose_miolo,gt_fundo_r3,256,r3,0.8,0.6547311685435039,0.9769983160439508,0.49731105554283256,0.5093420776525818,-0.19028911550232736,0,0.5233550734857494
cellpose_miolo,gt_fundo_r3,256,r3,0.9,0.5019240620797264,0.989640649897453,0.3415240647494466,0.3450001938731889,-0.34309622196610495,0,0.25571117875853994
cellpose_miolo,gt_fundo_r3,256,r8,0.5,0.8287856891408669,0.8892992233950836,0.7811869259225905,0.881674449708303,-0.016234594904964417,10,0.8129506722740377
cellpose_miolo,gt_fundo_r3,256,r8,0.6,0.7987095102129952,0.927126424957299,0.7064018901516379,0.7636768486929573,-0.04631077383283614,3,0.7787447209378534
cellpose_miolo,gt_fundo_r3,256,r8,0.7,0.7443519138466964,0.9557549782829635,0.6143044137996094,0.6436403015602377,-0.1006683701991348,0,0.6898387760585982
cellpose_miolo,gt_fundo_r3,256,r8,0.8,0.6560503664798727,0.9763309565558235,0.49902705306367334,0.511447828324982,-0.18896991756595852,0,0.5241209897699812
cellpose_miolo,gt_fundo_r3,256,r8,0.9,0.5025160025788287,0.9894287407592859,0.3420954922063672,0.34564615620248895,-0.3425042814670026,0,0.2559369251884053
cellpose_miolo,zero,128,nenhum,0.5,0.6084574962119336,0.8746639601087828,0.4736490106406869,0.5508731572686816,-0.23656278783389773,0,0.47826628540993504
cellpose_miolo,zero,128,nenhum,0.6,0.5416541668854665,0.8950913454377019,0.39500248898144186,0.44784884337857367,-0.3033661171603648,0,0.3784200465760256
cellpose_miolo,zero,128,nenhum,0.7,0.462441318913503,0.9111877211894044,0.3159187864761513,0.34988782461822876,-0.38257896513232825,0,0.2619324364167755
cellpose_miolo,zero,128,nenhum,0.8,0.3617131493631907,0.9243150820565558,0.22997893802721045,0.2491063521500069,-0.4833071346826406,0,0.1376551264478454
cellpose_miolo,zero,128,nenhum,0.9,0.2159714899295285,0.9321890880641243,0.12541815709614618,0.13348856066694964,-0.6290487941163028,0,0.0347760493440873
cellpose_miolo,zero,128,r3,0.5,0.6119565027309403,0.885811900625422,0.47330617442858297,0.5378262423661614,-0.23306378131489103,0,0.48049032436248057
cellpose_miolo,zero,128,r3,0.6,0.5439457836976742,0.9038330020761468,0.39484068701335623,0.43910683251571514,-0.301074500348157,0,0.3791226084323231
cellpose_miolo,zero,128,r3,0.7,0.4636021185753343,0.917769215853163,0.315834838734622,0.34527013391552897,-0.38141816547049695,0,0.2620316684932897
cellpose_miolo,zero,128,r3,0.8,0.3620763916902312,0.9292909881321478,0.22994056431260915,0.24733043163327947,-0.48294389235560004,0,0.13766678133104923
cellpose_miolo,zero,128,r3,0.9,0.2160396296054962,0.9374384849596171,0.12541478978659346,0.1328538838654103,-0.6289806544403351,0,0.03477646698621127
cellpose_miolo,zero,128,r8,0.5,0.6094848979487032,0.8776165753996044,0.4734986914688288,0.5463420952061956,-0.2355353860971281,0,0.47841535963407295
cellpose_miolo,zero,128,r8,0.6,0.5423317306831603,0.8972623496953868,0.3949342301072631,0.4448888502663268,-0.30268855336267086,0,0.3784552729506108
cellpose_miolo,zero,128,r8,0.7,0.4627392014289459,0.9126335223492784,0.31587265265672343,0.3485055109449105,-0.3822810826168853,0,0.2619324364167755
cellpose_miolo,zero,128,r8,0.8,0.3617785282059677,0.9251993863496119,0.2299527034784865,0.2486607980557319,-0.48324175583986356,0,0.1376551264478454
cellpose_miolo,zero,128,r8,0.9,0.21599046612835762,0.9331549281094353,0.12541815709614618,0.13333130355950007,-0.6290298179174737,0,0.0347760493440873
cellpose_miolo,zero,256,nenhum,0.5,0.6788867179244076,0.8978839092300053,0.5488634783804646,0.6141893292268398,-0.16613356612142377,0,0.7109924420274055
cellpose_miolo,zero,256,nenhum,0.6,0.6352138513731344,0.9153186308144391,0.488741286727215,0.5352271596535539,-0.20980643267269697,0,0.6558830253554871
cellpose_miolo,zero,256,nenhum,0.7,0.5831426341403891,0.9292952774342019,0.42681147762937954,0.4598765914887032,-0.26187764990544216,0,0.5852474724821458
cellpose_miolo,zero,256,nenhum,0.8,0.5145596727158153,0.9413676034018823,0.3557620418826607,0.3783748982501686,-0.3304606113300161,0,0.48770376167502444
cellpose_miolo,zero,256,nenhum,0.9,0.39825326039378217,0.9516603772840728,0.253623657518249,0.26682353977840706,-0.4467670236520491,0,0.3215179178683388
cellpose_miolo,zero,256,r3,0.5,0.6826223256430857,0.9129932101823339,0.5485227046521165,0.6026002486975844,-0.1623979584027456,0,0.7110056385275638
cellpose_miolo,zero,256,r3,0.6,0.6372802634825908,0.9260111492891975,0.48858556651825996,0.5288815063264547,-0.20774002056324045,0,0.6558796073561348
cellpose_miolo,zero,256,r3,0.7,0.5840924736219499,0.9358360507049929,0.4267516782560785,0.4569166487782473,-0.2609278104238813,0,0.585251710095497
cellpose_miolo,zero,256,r3,0.8,0.5148130434224116,0.9440091699359143,0.35573682813870855,0.3774876617799629,-0.3302072406234197,0,0.4877046798859544
cellpose_miolo,zero,256,r3,0.9,0.39828324484949257,0.9523277754667722,0.25361900506931434,0.26668218946709527,-0.4467370391963387,0,0.3215179178683388
cellpose_miolo,zero,256,r8,0.5,0.6819497473792894,0.9093676648694982,0.5487457260444348,0.6049711496652638,-0.16307053666654187,0,0.7109608191799017
cellpose_miolo,zero,256,r8,0.6,0.6370327964008895,0.9242376298269877,0.4886862682287347,0.5298515287980956,-0.20798748764494182,0,0.6558701741500821
cellpose_miolo,zero,256,r8,0.7,0.5840189560536612,0.9350679306202091,0.42679533541395764,0.4572757570434047,-0.26100132799217,0,0.5852474724821458
cellpose_miolo,zero,256,r8,0.8,0.5148054697969061,0.9437841386578627,0.3557541370978556,0.3775820519764679,-0.3302148142489252,0,0.48770376167502444
cellpose_miolo,zero,256,r8,0.9,0.39828635177913213,0.952294860011036,0.25362353518526104,0.2666953060548556,-0.44673393226669916,0,0.3215179178683388
centros,complemento,128,nenhum,0.5,0.2301539919305427,0.966128924415124,0.13579428959851994,0.1432465901347729,-0.6148662921152886,0,0.39901484734196996
centros,complemento,128,nenhum,0.6,0.16049060386280917,0.9757546619449708,0.09027869406173233,0.09392103260892636,-0.6845296801830221,0,0.2999975333521579
centros,complemento,128,nenhum,0.7,0.10104931325140015,0.9822934720137947,0.05461665892134235,0.05624906365942149,-0.7439709707944311,0,0.19875826561293683
centros,complemento,128,nenhum,0.8,0.05122107478935678,0.9861279427776356,0.026767788300036285,0.02737421900099863,-0.7937992092564745,0,0.10263553351682768
centros,complemento,128,nenhum,0.9,0.014593367075610559,0.9876117676155733,0.007415513700204436,0.007545941486334578,-0.8304269169702206,0,0.02878166682275342
centros,complemento,128,r3,0.5,0.21486357821727048,0.9720661478918867,0.12513288998458394,0.13092629607504408,-0.6301567058285608,0,0.38118343571958335
centros,complemento,128,r3,0.6,0.14922686762375603,0.9799705166762893,0.08315845638798018,0.08601820840309045,-0.6957934164220753,0,0.2849126700626385
centros,complemento,128,r3,0.7,0.09366129887112623,0.9850981892109731,0.05030524144040549,0.05161116653391468,-0.751358985174705,0,0.18794647388938893
centros,complemento,128,r3,0.8,0.047398531090352046,0.9878125269727989,0.02468031941012904,0.02517854776976246,-0.7976217529554792,0,0.09684053223055726
centros,complemento,128,r3,0.9,0.0135244046292375,0.9889068247137952,0.006863578257023489,0.006969409369062332,-0.8314958794165938,0,0.027309161226928638
centros,complemento,128,r8,0.5,0.21745886646633145,0.9696901565946571,0.1270370545456698,0.13345798445837442,-0.6275614175794998,0,0.3883707868146799
centros,complemento,128,r8,0.6,0.15109403637716814,0.978516424701418,0.08437223768873299,0.08749592416510106,-0.6939262476686632,0,0.29101594823113136
centros,complemento,128,r8,0.7,0.09482980318415181,0.9842194302784654,0.05099555679206415,0.05239975913349386,-0.7501904808616795,0,0.19217514852311415
centros,complemento,128,r8,0.8,0.047954516423710805,0.9874106792790673,0.024984438821149525,0.025508368576311988,-0.7970657676221204,0,0.09893511364343151
centros,complemento,128,r8,0.9,0.013634537113058731,0.9887274233745003,0.006920268020267253,0.007029581939959803,-0.8313857469327726,0,0.02779707300792218
centros,complemento,256,nenhum,0.5,0.3056744307891949,0.990680408822545,0.1900028131753152,0.19295153299986095,-0.5393458532566364,0,0.6287382145456542
centros,complemento,256,nenhum,0.6,0.24287220568753942,0.995568802416637,0.14386070844649734,0.14487666770275898,-0.6021480783582919,0,0.5214022151977101
centros,complemento,256,nenhum,0.7,0.17793750587996024,0.9978303802099692,0.10041708005733807,0.10073628570338994,-0.6670827781658711,0,0.38743466732181525
centros,complemento,256,nenhum,0.8,0.10480909939251846,0.9985036672953185,0.05612840186517095,0.05623950503720603,-0.7402111846533128,0,0.2153321649632686
centros,complemento,256,nenhum,0.9,0.027253794106459665,0.9969634285192146,0.013867369344198719,0.013910316487540248,-0.8177664899393715,0,0.033897648811037934
centros,complemento,256,r3,0.5,0.28297359867167315,0.9925096995629785,0.1732165646149415,0.17552512580849525,-0.5620466853741581,0,0.5984247010441947
centros,complemento,256,r3,0.6,0.22376589533947297,0.9963689029755569,0.13092655147727805,0.13172642551959418,-0.6212543887063583,0,0.49312415028179624
centros,complemento,256,r3,0.7,0.16324694744186416,0.9981237314857223,0.09130255704306543,0.09155883093722764,-0.6817733366039672,0,0.3645227925495666
centros,complemento,256,r3,0.8,0.09570838872196318,0.9985580922599558,0.05098428204327396,0.05108037626355531,-0.7493118953238681,0,0.20176098355662742
centros,complemento,256,r3,0.9,0.024690636512145748,0.9969596898176878,0.01254258080467861,0.012580159059868683,-0.8203296475336855,0,0.03199822182631298
centros,complemento,256,r8,0.5,0.287177901033913,0.9920974197233084,0.1765748672086396,0.17904664516086372,-0.5578423830119182,0,0.6108327300730118
centros,complemento,256,r8,0.6,0.22729544435314547,0.9962247665927111,0.1334689955155853,0.13431520290497073,-0.6177248396926858,0,0.5046201684336262
centros,complemento,256,r8,0.7,0.16592439698540662,0.9980976652053941,0.09304340506660226,0.09330923526037359,-0.6790958870604247,0,0.37383580293741686
centros,complemento,256,r8,0.8,0.09730494407270394,0.9985624863018192,0.05191108115237506,0.05200885802297854,-0.7477153399731273,0,0.2072650821994585
centros,complemento,256,r8,0.9,0.025041181770748783,0.9969659491999419,0.012724156123097038,0.012762204227315227,-0.8199791022750825,0,0.032692750591138
centros,cp_fundo_esparso,128,nenhum,0.5,0.5303791221190952,0.7117695975689063,0.49779162430254453,0.8139767668378656,-0.31464116192673613,0,0.565072883310361
centros,cp_fundo_esparso,128,nenhum,0.6,0.46168464921203733,0.77210335692571,0.3815161891937401,0.559778153089211,-0.3833356348337939,0,0.4912319142056453
centros,cp_fundo_esparso,128,nenhum,0.7,0.36508960243102706,0.8222416526736939,0.26715381207096944,0.3594258803107392,-0.4799306816148042,0,0.37766623175254094
centros,cp_fundo_esparso,128,nenhum,0.8,0.24090387657851356,0.8605478092399156,0.15608773289118014,0.19617215942052454,-0.6041164074673178,0,0.22551440734267056
centros,cp_fundo_esparso,128,nenhum,0.9,0.10105050271488013,0.8801440629994672,0.05760915061309885,0.06907161032092594,-0.7439697813309512,0,0.06660525755151787
centros,cp_fundo_esparso,128,r3,0.5,0.562153848224856,0.8352110680692245,0.46162968128984205,0.5785948390127136,-0.28286643582097515,0,0.5692529193194622
centros,cp_fundo_esparso,128,r3,0.6,0.47101627809457947,0.864354037827049,0.3550554817369868,0.42970636088338715,-0.37400400595125183,0,0.4826037283317192
centros,cp_fundo_esparso,128,r3,0.7,0.36257906445962057,0.8899907319979373,0.2499483762234263,0.2928278426949572,-0.4824412195862107,0,0.3648448361294127
centros,cp_fundo_esparso,128,r3,0.8,0.23514432830664003,0.910290387450018,0.14734218842058985,0.16780377730834448,-0.6098759557391912,0,0.21580276174022928
centros,cp_fundo_esparso,128,r3,0.9,0.09812567907024419,0.920121598188654,0.05523148789083324,0.061412082061182524,-0.746894604975587,0,0.06415448217331887
centros,cp_fundo_esparso,128,r8,0.5,0.5439458560699519,0.7728015331308011,0.46958636480839655,0.6598930243380858,-0.3010744279758793,0,0.5591355566939272
centros,cp_fundo_esparso,128,r8,0.6,0.4624917387489097,0.8174296240464338,0.3605339757930904,0.4751908100637438,-0.3825285452969216,0,0.482772833394447
centros,cp_fundo_esparso,128,r8,0.7,0.35975529083616975,0.8550066570586278,0.2533351501368263,0.31615894486554635,-0.4852649932096616,0,0.36922289611478626
centros,cp_fundo_esparso,128,r8,0.8,0.23506474358630045,0.8846312217475266,0.14902493363988795,0.17764923200324234,-0.6099555404595308,0,0.22005894615121033
centros,cp_fundo_esparso,128,r8,0.9,0.09855287022289579,0.899417020699213,0.055718803362605616,0.0640723889682424,-0.7464674138229355,0,0.06537575361743372
centros,cp_fundo_esparso,256,nenhum,0.5,0.5092736563212614,0.5172817590820432,0.6813679638561582,2.0193421003221865,-0.33574662772456976,0,0.7334495008704932
centros,cp_fundo_esparso,256,nenhum,0.6,0.49299148166836837,0.5389216811209063,0.6113448332500834,1.7286876462603349,-0.35202880237746287,0,0.7218421012520109
centros,cp_fundo_esparso,256,nenhum,0.7,0.4701723012598516,0.5615328479124883,0.5344628673756457,1.4297972506253942,-0.37484798278597964,0,0.6934920435674944
centros,cp_fundo_esparso,256,nenhum,0.8,0.436368342887541,0.5900759942003335,0.4434564389853957,1.0950884972043378,-0.40865194115829023,0,0.6390880023451905
centros,cp_fundo_esparso,256,nenhum,0.9,0.3720547129768916,0.6392614646124091,0.317056137261493,0.6736750269170392,-0.4729655710689397,0,0.5170559014261994
centros,cp_fundo_esparso,256,r3,0.5,0.6898721962879093,0.819278673613776,0.6292668906101522,0.7982646351449884,-0.1551480877579219,0,0.7416732361050994
centros,cp_fundo_esparso,256,r3,0.6,0.6516619826325898,0.8408088581480644,0.5647770001433207,0.6978797160976176,-0.19335830141324142,0,0.7184749620574408
centros,cp_fundo_esparso,256,r3,0.7,0.6035036575664425,0.8633642199662576,0.49411334583569644,0.593367300582895,-0.24151662647938874,0,0.6816545674288651
centros,cp_fundo_esparso,256,r3,0.8,0.5376413076660711,0.889941805862968,0.410628831896581,0.4761622048393681,-0.30737897637976014,0,0.6208609121892251
centros,cp_fundo_esparso,256,r3,0.9,0.42688176380763976,0.924314828023161,0.29466851744947836,0.3261187075362052,-0.41813852023819154,0,0.49674173126094184
centros,cp_fundo_esparso,256,r8,0.5,0.6487218106959369,0.7250098828958659,0.6412207345523535,0.9636184918624341,-0.19629847334989434,0,0.7418680671339523
centros,cp_fundo_esparso,256,r8,0.6,0.6203511165891471,0.7552708420011568,0.5748588926792056,0.8242772985506212,-0.22466916745668422,0,0.7228384195716249
centros,cp_fundo_esparso,256,r8,0.7,0.5817081801990853,0.787519250490561,0.502333735117505,0.6845941925275276,-0.26331210384674597,0,0.6890707976499645
centros,cp_fundo_esparso,256,r8,0.8,0.5253348266944208,0.8267490781929755,0.4168148674438474,0.5338305648889264,-0.3196854573514104,0,0.6303685164554998
centros,cp_fundo_esparso,256,r8,0.9,0.42376789531139847,0.8815306391707457,0.2984009700308858,0.3511605656559432,-0.4212523887344328,0,0.506082917917062
centros,cp_fundo_r3,128,nenhum,0.5,0.648953300332251,0.8564026032603314,0.5346551512580162,0.629657937444716,-0.19606698371358022,0,0.6397567931935367
centros,cp_fundo_r3,128,nenhum,0.6,0.51912561290969,0.8991539385402157,0.376209210802621,0.42119894974031075,-0.3258946711361413,0,0.509460741498874
centros,cp_fundo_r3,128,nenhum,0.7,0.3537759386565949,0.9265115200587926,0.22713153541175982,0.2464204278060566,-0.49124434538923634,0,0.3178284672382398
centros,cp_fundo_r3,128,nenhum,0.8,0.18090463023469525,0.9402912093110837,0.10448304764800999,0.1113745101260492,-0.664115653811136,0,0.12104756202731372
centros,cp_fundo_r3,128,nenhum,0.9,0.05378301583811209,0.9478006223042197,0.028639440274868717,0.030086734939503083,-0.7912372682077192,0,0.015702965109849833
centros,cp_fundo_r3,128,r3,0.5,0.6493737327079819,0.8638878229925568,0.5321398381185888,0.6209332427456504,-0.19564655133784933,0,0.6411199586027934
centros,cp_fundo_r3,128,r3,0.6,0.5192072008702987,0.9031270279688688,0.37554396252410166,0.41850578187441967,-0.32581308317553254,0,0.5091492498681779
centros,cp_fundo_r3,128,r3,0.7,0.3537814975984367,0.9287821012920687,0.2269842287919399,0.24563778706947684,-0.49123878644739455,0,0.3175195909571196
centros,cp_fundo_r3,128,r3,0.8,0.18088829509285761,0.9415805784097594,0.10445373246367091,0.11119104688429408,-0.6641319889529737,0,0.12091989934870961
centros,cp_fundo_r3,128,r3,0.9,0.0537777525692152,0.9483801233499055,0.028635942337164717,0.030066633777742796,-0.791242531476616,0,0.01568334744202699
centros,cp_fundo_r3,128,r8,0.5,0.6481566026130829,0.8562439307791166,0.5336411572399126,0.6285867090414419,-0.19686368143274835,0,0.6393761497426259
centros,cp_fundo_r3,128,r8,0.6,0.5189452993917435,0.8991342332014806,0.3760288687957006,0.42100957123977645,-0.3260749846540877,0,0.5093825692086172
centros,cp_fundo_r3,128,r8,0.7,0.35374936104882176,0.9265064429232706,0.2271113745886798,0.2464002669829766,-0.49127092299700953,0,0.3178284672382398
centros,cp_fundo_r3,128,r8,0.8,0.18090463023469525,0.9402912093110837,0.10448304764800999,0.1113745101260492,-0.664115653811136,0,0.12104756202731372
centros,cp_fundo_r3,128,r8,0.9,0.05378301583811209,0.9478006223042197,0.028639440274868717,0.030086734939503083,-0.7912372682077192,0,0.015702965109849833
centros,cp_fundo_r3,256,nenhum,0.5,0.7863089256979757,0.8324494719589287,0.7533908871002146,0.9105077497579949,-0.05871135834785558,0,0.7988482189103531
centros,cp_fundo_r3,256,nenhum,0.6,0.7555255550319547,0.8670429401679282,0.6781813915997429,0.7860228231094354,-0.08949472901387656,0,0.7748211110197164
centros,cp_fundo_r3,256,nenhum,0.7,0.701206350006091,0.8981236891035688,0.5843816158873028,0.6534617157305522,-0.14381393403974024,0,0.7068031652525808
centros,cp_fundo_r3,256,nenhum,0.8,0.6095332539100379,0.9271200322402641,0.4634923236528108,0.5019777105952843,-0.23548703013579342,0,0.565676254832699
centros,cp_fundo_r3,256,nenhum,0.9,0.44229189837724586,0.9553470733878063,0.29607552786049557,0.3111999321105867,-0.4027283856685854,0,0.29273222152317635
centros,cp_fundo_r3,256,r3,0.5,0.785538414855024,0.8334740407715809,0.7511232401420165,0.9066175933569665,-0.05948186919080727,0,0.7955724844018327
centros,cp_fundo_r3,256,r3,0.6,0.7553629179153102,0.8675946860281412,0.6775793441044853,0.7848177710791047,-0.08965736613052117,0,0.7737625700187781
centros,cp_fundo_r3,256,r3,0.7,0.7011820421605683,0.8984036903760853,0.5842290560002561,0.6530844362120015,-0.1438382418852629,0,0.7064886201268639
centros,cp_fundo_r3,256,r3,0.8,0.6095382068549164,0.9272428650814977,0.4634677967699554,0.5018845610942384,-0.23548207719091488,0,0.565641528682217
centros,cp_fundo_r3,256,r3,0.9,0.44229483338771025,0.9553850906976414,0.2960741736834708,0.311185704486249,-0.402725450658121,0,0.29272415031367743
centros,cp_fundo_r3,256,r8,0.5,0.7855103935590384,0.8322261188791797,0.752126986626022,0.9092150634910984,-0.05950989048679284,0,0.7971135713863955
centros,cp_fundo_r3,256,r8,0.6,0.7553574197498597,0.8670098958714463,0.6779381846317651,0.7857699528141031,-0.0896628642959715,0,0.774415362527786
centros,cp_fundo_r3,256,r8,0.7,0.7011672034086596,0.8981217922433099,0.5843311891183373,0.653406978299678,-0.1438530806371717,0,0.7067377186775504
centros,cp_fundo_r3,256,r8,0.8,0.6095275277638236,0.9271207703230802,0.46348607423969707,0.5019707466414333,-0.23549275628200772,0,0.565676254832699
centros,cp_fundo_r3,256,r8,0.9,0.44229189837724586,0.9553470733878063,0.29607552786049557,0.3111999321105867,-0.4027283856685854,0,0.29273222152317635
centros,cp_fundo_r8,128,nenhum,0.5,0.657547130124151,0.7059488977935411,0.641809510845379,0.9271404160110347,-0.1874731539216802,0,0.6056485956437992
centros,cp_fundo_r8,128,nenhum,0.6,0.5958851141304524,0.7672037484974042,0.5120195480908722,0.6797688939260612,-0.24913516991537882,0,0.5521647608659513
centros,cp_fundo_r8,128,nenhum,0.7,0.4903154077341546,0.817490933573433,0.37064054167447774,0.46103499578345103,-0.3547048763116767,0,0.4430925907535664
centros,cp_fundo_r8,128,nenhum,0.8,0.3393934470434148,0.8582081912515508,0.2250803527869393,0.26580444466322867,-0.5056268370024165,0,0.28253350238811853
centros,cp_fundo_r8,128,nenhum,0.9,0.1562343355639909,0.890167312993608,0.09022767648813589,0.10190898834975289,-0.6887859484818403,0,0.11167223565494072
centros,cp_fundo_r8,128,r3,0.5,0.6810918620426372,0.7735311415802482,0.6311875272290951,0.8279049072436027,-0.1639284220031941,0,0.6334709899476559
centros,cp_fundo_r8,128,r3,0.6,0.6068793904809019,0.8145106249828228,0.5063715575570927,0.6307319123222918,-0.23814089356492935,0,0.561646563329251
centros,cp_fundo_r8,128,r3,0.7,0.49439846500438184,0.8504486504229283,0.3678102332042768,0.438354798668207,-0.3506218190414494,0,0.4437008806761013
centros,cp_fundo_r8,128,r3,0.8,0.3401726846249012,0.8807806995186732,0.22389132663789998,0.2570251873811066,-0.5048475994209302,0,0.28011001868080787
centros,cp_fundo_r8,128,r3,0.9,0.1560701697107705,0.9047976101871239,0.08991785537189904,0.09982172713693441,-0.6889501143350608,0,0.10985808932522712
centros,cp_fundo_r8,128,r8,0.5,0.657044365430434,0.7076445847022448,0.6394999925082733,0.9214597834964904,-0.18797591861539728,0,0.6046389095038093
centros,cp_fundo_r8,128,r8,0.6,0.5957140938137154,0.7682717670162825,0.5113190140213477,0.6778227530120249,-0.24930619023211587,0,0.5515291826147447
centros,cp_fundo_r8,128,r8,0.7,0.4902534810708169,0.8181625195939437,0.3704384046085417,0.4603708964022003,-0.35476680297501434,0,0.4427162294758633
centros,cp_fundo_r8,128,r8,0.8,0.33936450871619817,0.8586193668568335,0.22502847840340007,0.26560557887626524,-0.5056557753296331,0,0.2823088270204431
centros,cp_fundo_r8,128,r8,0.9,0.15622347616423538,0.8902686675622862,0.09021972446887136,0.10188710686706978,-0.6887968078815959,0,0.11157514968391051
centros,cp_fundo_r8,256,nenhum,0.5,0.7069062332017386,0.7947886531289455,0.6576574766193598,0.844843167481417,-0.13811405084409262,0,0.7575214613982565
centros,cp_fundo_r8,256,nenhum,0.6,0.6696010880279012,0.8371033514359734,0.5776535730473444,0.7024830285790807,-0.17541919601793005,0,0.748514109888221
centros,cp_fundo_r8,256,nenhum,0.7,0.6146358217397044,0.8758714619042334,0.49063929754734276,0.5686035720848884,-0.23038446230612683,0,0.7140841764877958
centros,cp_fundo_r8,256,nenhum,0.8,0.5331387113096003,0.9132452875153884,0.38990175493048346,0.4320339098332674,-0.311881572736231,0,0.6374130933231911
centros,cp_fundo_r8,256,nenhum,0.9,0.396307325292552,0.9503481051489662,0.2584068428825112,0.2744243041704393,-0.4487129587532792,0,0.4595673057564736
centros,cp_fundo_r8,256,r3,0.5,0.7162615953683489,0.8323838605078567,0.6471653600380605,0.7902536296067542,-0.12875868867748244,0,0.7594348734421527
centros,cp_fundo_r8,256,r3,0.6,0.6740440148062934,0.8637229123833582,0.5708163172830996,0.6706767659268859,-0.17097626923953796,0,0.7450080252302732
centros,cp_fundo_r8,256,r3,0.7,0.6158563138140647,0.8936590331966698,0.4860880705563379,0.5509169393173685,-0.22916397023176652,0,0.7079829196936257
centros,cp_fundo_r8,256,r3,0.8,0.532691873678623,0.9237655963186455,0.38722437384213054,0.4235822665917895,-0.31232841036720815,0,0.6310330318022771
centros,cp_fundo_r8,256,r3,0.9,0.39560150764752944,0.9548587387580788,0.25737161015460325,0.2717924885869392,-0.4494187763983019,0,0.45570682273655705
centros,cp_fundo_r8,256,r8,0.5,0.7053256107602031,0.7944660002973506,0.6551199404071962,0.8419347435723147,-0.1396946732856282,0,0.7535871681549557
centros,cp_fundo_r8,256,r8,0.6,0.6690040216278533,0.8370481880756723,0.5767983372127798,0.7014999445693222,-0.17601626241797796,0,0.7467626344802597
centros,cp_fundo_r8,256,r8,0.7,0.6144041126542752,0.8758773378836693,0.49035080790592606,0.5682698294228031,-0.23061617139155605,0,0.7134285335317326
centros,cp_fundo_r8,256,r8,0.8,0.5330697230617817,0.9132527898615416,0.389831022869566,0.4319531215751468,-0.31195056098404966,0,0.6372539316579641
centros,cp_fundo_r8,256,r8,0.9,0.3962961036722296,0.9503510861372759,0.25839779908381966,0.2744136256229823,-0.44872418037360157,0,0.45955162176177916
centros,gt_fundo_r3,128,nenhum,0.5,0.6799281738746143,0.8781946507599269,0.565800640049515,0.6475687448864403,-0.16509211017121686,0,0.6610444158914647
centros,gt_fundo_r3,128,nenhum,0.6,0.5429649352591537,0.9190859667039016,0.3954950390631156,0.4316176155911951,-0.30205534878667756,0,0.5284201241852945
centros,gt_fundo_r3,128,nenhum,0.7,0.36742533845919534,0.9439618892545588,0.2358217100077822,0.25015017422708413,-0.47759494558663595,0,0.333407395290578
centros,gt_fundo_r3,128,nenhum,0.8,0.1862562736927897,0.9561752321595378,0.1072197610876617,0.11193404487166071,-0.6587640103530416,0,0.13156846102027608
centros,gt_fundo_r3,128,nenhum,0.9,0.05434103396563176,0.9623515761881947,0.02881572781588562,0.029764255679555172,-0.7906792500801995,0,0.017913448190947416
centros,gt_fundo_r3,128,r3,0.5,0.6552502778647459,0.8926015798934925,0.5286154788306605,0.5950188372620365,-0.1897700061810854,0,0.6454747694081892
centros,gt_fundo_r3,128,r3,0.6,0.5199084700459773,0.9272472505681312,0.3715584567528566,0.4019168227187384,-0.32511181399985406,0,0.509272406083411
centros,gt_fundo_r3,128,r3,0.7,0.3514149935893534,0.9488008387853902,0.2233976565951891,0.23581066829570335,-0.4936052904564779,0,0.31886547310000785
centros,gt_fundo_r3,128,r3,0.8,0.1792131142001908,0.9597172070102421,0.10283551602251288,0.1070354769090894,-0.6658071698456405,0,0.12600449090766605
centros,gt_fundo_r3,128,r3,0.9,0.052949858599768376,0.9650079448074299,0.028060213097425894,0.028934300966515388,-0.7920704254460629,0,0.01725857665898376
centros,gt_fundo_r3,128,r8,0.5,0.6584842141177442,0.8799009638303845,0.537382307086179,0.6139270274619849,-0.18653606992808716,0,0.6491151555451617
centros,gt_fundo_r3,128,r8,0.6,0.5241948631380513,0.9201276252057248,0.37701128875553297,0.41110024274481194,-0.32082542090778005,0,0.5174437744303436
centros,gt_fundo_r3,128,r8,0.7,0.3546900041122061,0.9446191648806695,0.2261966375544841,0.23986023586570476,-0.4903302799336252,0,0.3261726473090583
centros,gt_fundo_r3,128,r8,0.8,0.18074344640194537,0.9567768400727067,0.1038408987536476,0.1083852016557837,-0.6642768376438859,0,0.12903484924603684
centros,gt_fundo_r3,128,r8,0.9,0.05331895352203163,0.9629154110369498,0.028267432098461203,0.029199838627393004,-0.7917013305237997,0,0.017601177372933173
centros,gt_fundo_r3,256,nenhum,0.5,0.8304422332826387,0.8742777108224223,0.7969861228128292,0.9151794461873779,-0.014578050763192608,18,0.8257879505954229
centros,gt_fundo_r3,256,nenhum,0.6,0.794224426319774,0.9100696500954139,0.7109041756739546,0.7830842970412732,-0.050795857726057284,5,0.8075180795460274
centros,gt_fundo_r3,256,nenhum,0.7,0.730311798780246,0.9399638094513824,0.6037056215167833,0.6432931134956447,-0.11470848526558526,0,0.7413055849462905
centros,gt_fundo_r3,256,nenhum,0.8,0.624792898885014,0.9647922823626739,0.46849671668770837,0.486095310520363,-0.22022738516081725,0,0.5976106252857363
centros,gt_fundo_r3,256,nenhum,0.9,0.43823516743949925,0.9838326801703043,0.2874528422934538,0.2922720764974124,-0.40678511660633204,0,0.31169030607567927
centros,gt_fundo_r3,256,r3,0.5,0.8040027341266621,0.8818500470357109,0.7455217536634395,0.8486412415928121,-0.0410175499191691,4,0.8049432679532732
centros,gt_fundo_r3,256,r3,0.6,0.7666148308857308,0.914498553467829,0.6667927365967531,0.7308969070926341,-0.07840545316010049,0,0.7825127902500123
centros,gt_fundo_r3,256,r3,0.7,0.7032622800403933,0.9422537222507259,0.568001800236263,0.6037435190463346,-0.141758004005438,0,0.714903509147085
centros,gt_fundo_r3,256,r3,0.8,0.6006764631226628,0.9656416974499161,0.44269320561736863,0.45887645509922514,-0.2443438209231685,0,0.5749209677164022
centros,gt_fundo_r3,256,r3,0.9,0.4215136018982706,0.9841030223247952,0.2737066389800452,0.2781994773319148,-0.4235066821475607,0,0.3016776279942823
centros,gt_fundo_r3,256,r8,0.5,0.8084344218218293,0.8753651893449191,0.7576232920230885,0.86866234903415,-0.03658586222400194,6,0.8122665766730265
centros,gt_fundo_r3,256,r8,0.6,0.7717916622849317,0.9104869719154759,0.6766294631359164,0.7448695431402585,-0.07322862176089957,0,0.7919621287723118
centros,gt_fundo_r3,256,r8,0.7,0.7084654804390356,0.9398906822010981,0.5755565415286914,0.6132777003112816,-0.13655480360679575,0,0.7252906732020551
centros,gt_fundo_r3,256,r8,0.8,0.6051899180656606,0.9644895592435955,0.44777479840223455,0.46469346583825133,-0.23983036598017063,0,0.584522031852758
centros,gt_fundo_r3,256,r8,0.9,0.4242108224135799,0.9836581903527088,0.2759706645113347,0.2806289219177791,-0.4208094616322514,0,0.3065406501851364
centros,zero,128,nenhum,0.5,0.4048034817288186,0.9059646067090681,0.2731178282353958,0.3137795076067634,-0.44021680231701266,0,0.5391192036231711
centros,zero,128,nenhum,0.6,0.3066187087881653,0.9273687526566708,0.1912675934720402,0.2138000941889959,-0.5384015752576661,0,0.4568376865931407
centros,zero,128,nenhum,0.7,0.2086801293976755,0.9426783712575818,0.12111982231889712,0.13236626764865692,-0.6363401546481559,0,0.3414628350674389
centros,zero,128,nenhum,0.8,0.11295176889043765,0.9525469910505007,0.06133938590116428,0.06586420078892012,-0.7320685151553935,0,0.19451448480310138
centros,zero,128,nenhum,0.9,0.03185783730158549,0.9522304728044299,0.01635825140542323,0.017483880711725273,-0.8131624467442458,0,0.049855844418271816
centros,zero,128,r3,0.5,0.38484741888569624,0.9280329935185381,0.25224255486968283,0.2787368071428612,-0.46017286516013506,0,0.542011866549802
centros,zero,128,r3,0.6,0.28900237815289265,0.944258917826728,0.176493708476254,0.19132486976747248,-0.5560179058929386,0,0.45057102819158623
centros,zero,128,r3,0.7,0.19529491351436568,0.9554553772979615,0.11175722667712505,0.11933739954967684,-0.6497253705314656,0,0.33112767678271937
centros,zero,128,r3,0.8,0.10527779041858723,0.9622701510832238,0.05673608420217792,0.05994160139834547,-0.739742493627244,0,0.18663706908454744
centros,zero,128,r3,0.9,0.029730880922975177,0.9607453301217364,0.015224436012300979,0.016038154021053484,-0.815289403122856,0,0.04790582757635547
centros,zero,128,r8,0.5,0.3868668230882841,0.9132593797093496,0.25623441384902207,0.2910750398166968,-0.45815346095754717,0,0.5337804693410569
centros,zero,128,r8,0.6,0.29135638194100194,0.9332097148523004,0.1792211982108687,0.19856448540249957,-0.5536639021048293,0,0.45003372981563095
centros,zero,128,r8,0.7,0.19730548747184812,0.9470726523385762,0.11341267645589607,0.12314984121903136,-0.6477147965739831,0,0.3348355316889857
centros,zero,128,r8,0.8,0.10644930994682215,0.9558229475745926,0.057484635429581175,0.06146524159864095,-0.7385709740990091,0,0.19024600374930864
centros,zero,128,r8,0.9,0.03002835851771259,0.9548016435024175,0.015385371009579958,0.01638265588679612,-0.8149919255281187,0,0.04884318464573464
centros,zero,256,nenhum,0.5,0.5417228949916796,0.9391021812216283,0.39729895279095406,0.4267622139032224,-0.3032973890541517,0,0.7447695021246848
centros,zero,256,nenhum,0.6,0.48309162230963165,0.9570567055662128,0.3367044277726192,0.35384883297423764,-0.3619286617361996,0,0.7101703131228984
centros,zero,256,nenhum,0.7,0.42038511093866815,0.9715415301882215,0.27869396551572156,0.2880141475759968,-0.42463517310716314,0,0.6592143791191348
centros,zero,256,nenhum,0.8,0.34576570172161736,0.981846101798468,0.21696039175378648,0.22144815822830505,-0.49925458232421394,0,0.5795256244815189
centros,zero,256,nenhum,0.9,0.23707644401171785,0.9883537930765888,0.13816794397804377,0.13975096886493416,-0.6079438400341135,0,0.4215136528992249
centros,zero,256,r3,0.5,0.5167620455651994,0.9613443711795263,0.36873809273236097,0.38800302167222345,-0.32825823848063185,0,0.7192650661111802
centros,zero,256,r3,0.6,0.4582315245426645,0.9732283547107407,0.31206200055244404,0.3235028839662236,-0.38678875950316677,0,0.6826976609590901
centros,zero,256,r3,0.7,0.39680943625617576,0.9821290530191312,0.2580104493264464,0.26440703255513975,-0.44821084778965553,0,0.6312424119306866
centros,zero,256,r3,0.8,0.3248846431584704,0.9887197107831927,0.20071912570338968,0.2038532084387946,-0.5201356408873609,0,0.5526867720715889
centros,zero,256,r3,0.9,0.22211552771600712,0.9937208101054678,0.1281545523450428,0.12921419496560582,-0.6229047563298241,0,0.40028179597375974
centros,zero,256,r8,0.5,0.5210589606051397,0.9563081248133076,0.3739633072184027,0.39538996325644354,-0.3239613234406915,0,0.7291639786902743
centros,zero,256,r8,0.6,0.4625397040971338,0.9702800226645752,0.3165330757588959,0.3290679952273736,-0.3824805799486975,0,0.6934907857395661
centros,zero,256,r8,0.7,0.4008776007867558,0.9806345602024988,0.26174932640794546,0.2686673565841765,-0.4441426832590754,0,0.642387068284726
centros,zero,256,r8,0.8,0.3284681016711266,0.9882003998051432,0.20364583503608347,0.20697455489478778,-0.5165521823747046,0,0.5635393410600515
centros,zero,256,r8,0.9,0.22460971847926472,0.9935799296456896,0.12991429802535567,0.1310188637012031,-0.6204105655665666,0,0.4088266636575792
gt,complemento,128,nenhum,0.5,0.8708514120840557,0.8285041484971112,0.9186226890109058,1.1096533418177592,0.02583112803822433,27,0.7672923217833324
gt,complemento,128,nenhum,0.6,0.8641425981906281,0.8908713826521224,0.8403448366065118,0.9426997743942156,0.019122314144796808,27,0.7337034858704422
gt,complemento,128,nenhum,0.7,0.8145768032535358,0.9362304927744244,0.7240366402137065,0.772018631582599,-0.030443480792295453,10,0.6422089000852379
gt,complemento,128,nenhum,0.8,0.7011179575096145,0.9637859470738198,0.5573182599975337,0.5767169080305358,-0.14390232653621676,1,0.46282519239702297
gt,complemento,128,nenhum,0.9,0.4420095095070501,0.9769069454239603,0.2948673266120693,0.3003845792913492,-0.40301077453878115,0,0.14990635230719987
gt,complemento,128,r3,0.5,0.8501598331275503,0.8499149496550176,0.8520899178668071,1.003712110558261,0.005139549081718965,23,0.7591401231395395
gt,complemento,128,r3,0.6,0.8366521815714311,0.9013385041479219,0.782411861864381,0.8678473701333295,-0.008368102474400242,17,0.7192758560070504
gt,complemento,128,r3,0.7,0.7856932103720266,0.9408026862389068,0.6774825903624535,0.7191208552897368,-0.059327073673804666,6,0.626488073240256
gt,complemento,128,r3,0.8,0.6753552283356802,0.965632419923956,0.5249076355304132,0.5422930264372111,-0.16966505571015109,0,0.4501898668051778
gt,complemento,128,r3,0.9,0.425636860648851,0.9775993983782412,0.280344558742261,0.2854560242578373,-0.41938342339698026,0,0.14494839436981585
gt,complemento,128,r8,0.5,0.8491016616433682,0.8290327449640676,0.8717860384798916,1.0529763823369453,0.004081377597536897,23,0.7571162790527444
gt,complemento,128,r8,0.6,0.8414069617980799,0.8907904187769293,0.7989732253410873,0.8968037528949332,-0.0036133222477512804,19,0.7236782910958626
gt,complemento,128,r8,0.7,0.7924506516279032,0.9359327964751539,0.6901627438793659,0.7364256456949282,-0.052569632417928135,6,0.6332643026391311
gt,complemento,128,r8,0.8,0.6817273953401175,0.9634824497469433,0.5332700283228926,0.552157489990049,-0.16329288870571376,0,0.4564266458184641
gt,complemento,128,r8,0.9,0.4294472975592227,0.9767555347235796,0.28376050019594035,0.28915963641765624,-0.4155729864866086,0,0.14774557071222838
gt,complemento,256,nenhum,0.5,0.9429213568362008,0.9132411945798766,0.9746923102372743,1.0676060508387237,0.09790107279036948,37,0.9075665928581835
gt,complemento,256,nenhum,0.6,0.9443508729033955,0.9584034763943786,0.9308871564313851,0.9711897546345254,0.09933058885756416,37,0.9019806960380782
gt,complemento,256,nenhum,0.7,0.9154383522721977,0.9828721723845671,0.8579527572275321,0.8728035528909525,0.07041806822636644,34,0.8392499079070359
gt,complemento,256,nenhum,0.8,0.8532584970819407,0.9935783210174084,0.7518750564832015,0.7566785325709798,0.008238213036109393,25,0.7064647220283247
gt,complemento,256,nenhum,0.9,0.7206005355988001,0.9975021771571333,0.5762901226706667,0.5776668844064734,-0.12441974844703121,3,0.41203281709243855
gt,complemento,256,r3,0.5,0.9085431991299402,0.9175692168335335,0.9007963656570533,0.9822930958217914,0.06352291508410886,37,0.8819652914956579
gt,complemento,256,r3,0.6,0.9081208067573701,0.959930902458607,0.8624884516315202,0.8985050965491063,0.0631005227115387,37,0.8747951968048576
gt,complemento,256,r3,0.7,0.8799140187406367,0.9832680938760232,0.7977493225155604,0.811262277632946,0.03489373469480533,32,0.8138083191941817
gt,complemento,256,r3,0.8,0.8203234894760844,0.9936420705956716,0.7022450116596342,0.7066922796078684,-0.024696794569746952,14,0.6860256515279505
gt,complemento,256,r3,0.9,0.6932735948396008,0.9975001355254633,0.5417791022620211,0.5430759054908214,-0.1517466892062304,0,0.4022118329097495
gt,complemento,256,r8,0.5,0.9177229534279353,0.9135710146354559,0.9227842010234103,1.0105843498349834,0.07270266938210405,37,0.8922334920955558
gt,complemento,256,r8,0.6,0.9182501663200171,0.958424142541238,0.8820617457284848,0.9203415908982374,0.07322988227418586,37,0.8860323857169675
gt,complemento,256,r8,0.7,0.8895739922829301,0.9827944377301576,0.8140325639139858,0.8282375823750319,0.04455370823709876,33,0.8241066987077087
gt,complemento,256,r8,0.8,0.8286811834216938,0.9935213586425252,0.7146712416620654,0.7192933271257617,-0.016339100624137362,16,0.6939358878125462
gt,complemento,256,r8,0.9,0.6994891232186212,0.9974791764282986,0.5495602725901029,0.5508871916477215,-0.14553116082721002,1,0.4058119128267786
gt,cp_fundo_esparso,128,nenhum,0.5,0.6908688575095622,0.534370171886522,0.9872313524284732,1.878345653006862,-0.15415142653626904,0,0.6223501799599536
gt,cp_fundo_esparso,128,nenhum,0.6,0.7434123677250869,0.6047649949187718,0.9725116899617184,1.6291055895143365,-0.10160791632074442,1,0.6585392688264556
gt,cp_fundo_esparso,128,nenhum,0.7,0.7898110178447495,0.6833921162278477,0.9419561699147944,1.3921490319006433,-0.0552092662010818,3,0.6833951279140074
gt,cp_fundo_esparso,128,nenhum,0.8,0.818074818771509,0.7734290293937737,0.8736861124738868,1.1364807244923318,-0.02694546527432228,12,0.6799725054199816
gt,cp_fundo_esparso,128,nenhum,0.9,0.7673078994181741,0.8727152831176336,0.6926164567500852,0.7938690904020992,-0.07771238462765707,7,0.5626465421003712
gt,cp_fundo_esparso,128,r3,0.5,0.7892749505774426,0.6985408349484669,0.9118009420724879,1.3138928314948963,-0.05574533346838867,2,0.7195176467118811
gt,cp_fundo_esparso,128,r3,0.6,0.8034123634663579,0.7284764332086096,0.8997148650977562,1.2420383705415323,-0.04160792057947334,5,0.7275178284356622
gt,cp_fundo_esparso,128,r3,0.7,0.8164579480164021,0.7687831156155371,0.874244144530212,1.142340127707586,-0.028562336029429106,12,0.7263880722340993
gt,cp_fundo_esparso,128,r3,0.8,0.8177985164765105,0.8235449812127494,0.8158142864770574,0.993334582306857,-0.027221767569320786,12,0.6981040094513672
gt,cp_fundo_esparso,128,r3,0.9,0.751671592273508,0.8934006573961055,0.6548744603102389,0.7322869497313558,-0.09334869177232324,1,0.5620740748833896
gt,cp_fundo_esparso,128,r8,0.5,0.7219010469345283,0.5908050564661109,0.9348742144090175,1.5999367016203727,-0.12311923711130292,0,0.6338146678368503
gt,cp_fundo_esparso,128,r8,0.6,0.7562774817080681,0.6442990116579314,0.9218875332355669,1.4454560956125115,-0.08874280233776324,1,0.6632322602163816
gt,cp_fundo_esparso,128,r8,0.7,0.788068873875854,0.7078389037772818,0.8946726901621178,1.2749734979518037,-0.05695141016997735,3,0.6825339220903626
gt,cp_fundo_esparso,128,r8,0.8,0.8063359507443287,0.7857041961147407,0.8330466756541822,1.066180217471362,-0.038684333301502484,8,0.6755489024361797
gt,cp_fundo_esparso,128,r8,0.9,0.7526818328942387,0.8766532581915748,0.6660422062347046,0.7598345857246978,-0.09233845115159246,2,0.5585481537187348
gt,cp_fundo_esparso,256,nenhum,0.5,0.6083332024653462,0.45526517788293835,0.9983565556848609,2.560954611896436,-0.23668708158048504,0,0.7022638903413055
gt,cp_fundo_esparso,256,nenhum,0.6,0.6536837772974504,0.5067899706016293,0.9950001365813819,2.2703904687833014,-0.1913365067483809,0,0.7529908769110308
gt,cp_fundo_esparso,256,nenhum,0.7,0.7031260136814298,0.5685791126803689,0.9857595970991302,1.9751195948675608,-0.14189427036440153,7,0.8005726043502005
gt,cp_fundo_esparso,256,nenhum,0.8,0.7565102186722408,0.648091497805716,0.9598395053238225,1.6502005204589942,-0.08851006537359049,14,0.8378771751970113
gt,cp_fundo_esparso,256,nenhum,0.9,0.7998170072941396,0.7617734994661651,0.8748823869496536,1.2355735172471667,-0.04520327675169162,15,0.8246717336615809
gt,cp_fundo_esparso,256,r3,0.5,0.8084292319478557,0.7225526681196358,0.9207845178129421,1.2801547431507123,-0.036591052097975606,4,0.7701520799513425
gt,cp_fundo_esparso,256,r3,0.6,0.8284926473780976,0.7563998782755605,0.918154650184294,1.2176998016148237,-0.016527636667733617,12,0.7984345412162172
gt,cp_fundo_esparso,256,r3,0.7,0.8502718451280378,0.7985483080858495,0.9107291384718719,1.1427878440465162,0.005251561082206525,21,0.8256774997978633
gt,cp_fundo_esparso,256,r3,0.8,0.869926390567886,0.8524293681658606,0.8891969313772784,1.044408818647111,0.024906106522054695,29,0.8441531066384336
gt,cp_fundo_esparso,256,r3,0.9,0.8637970850026686,0.9197001373666146,0.8159763217869567,0.8880747571221206,0.01877680095683743,29,0.8139321546622504
gt,cp_fundo_esparso,256,r8,0.5,0.7624953410875239,0.6410470419929526,0.9445354456394465,1.483775997945826,-0.08252494295830728,0,0.7427410765055168
gt,cp_fundo_esparso,256,r8,0.6,0.7966296713880712,0.6918680736991424,0.9415864208238305,1.3682958231917717,-0.04839061265776013,3,0.7833508114866156
gt,cp_fundo_esparso,256,r8,0.7,0.8311765293715925,0.7503870946273145,0.933417076778652,1.2488242356801325,-0.013843754674238875,15,0.8206589976167642
gt,cp_fundo_esparso,256,r8,0.8,0.8624042259114573,0.8205756768665193,0.9101141724675004,1.1120927390057886,0.017383941865626033,24,0.8470673909128369
gt,cp_fundo_esparso,256,r8,0.9,0.8658524771099304,0.904632330624324,0.8322988821647225,0.9217719805748359,0.020832193064099124,28,0.821652397701175
gt,cp_fundo_r3,128,nenhum,0.5,0.806476879884659,0.717942538668266,0.9241258123445877,1.296063026630001,-0.03854340416117228,7,0.7255150571176898
gt,cp_fundo_r3,128,nenhum,0.6,0.8257750538809223,0.783921444173398,0.8762301358262847,1.1233424899125388,-0.019245230164908946,14,0.7406714354544836
gt,cp_fundo_r3,128,nenhum,0.7,0.8225020045072344,0.8477822974505069,0.8031390017745135,0.9503862810249077,-0.022518279538596846,15,0.7107754005949473
gt,cp_fundo_r3,128,nenhum,0.8,0.7665496699554931,0.9022493887037789,0.6735042677268546,0.7471006301626707,-0.07847061409033823,2,0.5891706675770756
gt,cp_fundo_r3,128,nenhum,0.9,0.5695202851927045,0.9380272483591299,0.4221432403717543,0.44752009008521537,-0.27549999885312687,0,0.3003158901403709
gt,cp_fundo_r3,128,r3,0.5,0.8145640332717137,0.7466856559153907,0.9000953925109424,1.2120694041377522,-0.030456250774117642,9,0.7478603542747472
gt,cp_fundo_r3,128,r3,0.6,0.8306358552046973,0.8006302544073993,0.8665542446462745,1.0866700359924195,-0.014384428841133935,16,0.7522317224174836
gt,cp_fundo_r3,128,r3,0.7,0.8250144640162215,0.8570308206019991,0.7994984201014829,0.9353104581300468,-0.0200058200296098,15,0.7160320958037123
gt,cp_fundo_r3,128,r3,0.8,0.7676450748890693,0.9070452006652463,0.6724388263834576,0.7417937606407108,-0.07737520915676195,3,0.5909897818473172
gt,cp_fundo_r3,128,r3,0.9,0.5697133916570106,0.9401349258307569,0.4219370810406452,0.44634194031566854,-0.27530689238882056,0,0.30049176543612166
gt,cp_fundo_r3,128,r8,0.5,0.8012639221063735,0.7161695292442598,0.9140845522330855,1.285422037268291,-0.04375636193945771,5,0.7242886630785859
gt,cp_fundo_r3,128,r8,0.6,0.8247720554304565,0.7836597202092472,0.8744340592409877,1.121465165893698,-0.02024822861537482,14,0.7404645803316505
gt,cp_fundo_r3,128,r8,0.7,0.8223560924196125,0.8477594136116775,0.8028904074392618,0.9501256402029151,-0.0226641916262187,15,0.710759133443065
gt,cp_fundo_r3,128,r8,0.8,0.7665431863813865,0.902248361225208,0.6734944752624408,0.7470908376982569,-0.07847709766444472,2,0.5891706675770756
gt,cp_fundo_r3,128,r8,0.9,0.5695202851927045,0.9380272483591299,0.4221432403717543,0.44752009008521537,-0.27549999885312687,0,0.3003158901403709
gt,cp_fundo_r3,256,nenhum,0.5,0.8407571934852391,0.7571041202910769,0.9476626188985143,1.2565808476684066,-0.00426309056059209,19,0.7932498419458494
gt,cp_fundo_r3,256,nenhum,0.6,0.857032380515774,0.8016941786249248,0.9227407920684443,1.1539461959661867,0.01201209646994278,23,0.8267103604480378
gt,cp_fundo_r3,256,nenhum,0.7,0.8733705235823832,0.8509733185009243,0.8987847845316692,1.0578047761879288,0.028350239536552056,35,0.8509764778308635
gt,cp_fundo_r3,256,nenhum,0.8,0.8778220927743822,0.9032951562080895,0.8556859566036061,0.9481344539197952,0.032801808728550874,34,0.8394001878053087
gt,cp_fundo_r3,256,nenhum,0.9,0.8356783178529401,0.9540575614619979,0.7480807998828612,0.7844213511929891,-0.00934196619289115,21,0.7206638413982497
gt,cp_fundo_r3,256,r3,0.5,0.8289975453137103,0.7575087202500574,0.9188429807225884,1.2182818404352198,-0.01602273873212098,12,0.78911447648811
gt,cp_fundo_r3,256,r3,0.6,0.8525005000953397,0.8022232522757536,0.9120076171164653,1.1399485247301548,0.007480216049508488,21,0.8252604576745896
gt,cp_fundo_r3,256,r3,0.7,0.8718083841592369,0.8513436295454302,0.8951608128776977,1.0531102288777172,0.026788100113405676,35,0.8503859997555501
gt,cp_fundo_r3,256,r3,0.8,0.8772942886914227,0.9034628283520549,0.854545759917747,0.9466961085179458,0.03227400464559143,34,0.8392684071721854
gt,cp_fundo_r3,256,r3,0.9,0.8355659797308104,0.9541074071464203,0.7478654778340298,0.784153530576887,-0.009454304315020976,21,0.7206484431373218
gt,cp_fundo_r3,256,r8,0.5,0.8320749179239488,0.7543524252948277,0.9308117954126508,1.239058899516999,-0.012945366121882424,13,0.7908828996710983
gt,cp_fundo_r3,256,r8,0.6,0.8546977735226612,0.8010902960066243,0.9183423836543854,1.14938142773268,0.00967748947682991,22,0.8263874557512416
gt,cp_fundo_r3,256,r8,0.7,0.8729412235338568,0.8508868111749758,0.8979938319697951,1.0569829615804884,0.027920939488025435,35,0.8509234043076006
gt,cp_fundo_r3,256,r8,0.8,0.8777475034603804,0.9032852018360313,0.8555550456260963,0.9479985461213889,0.03272721941454916,34,0.8394001878053087
gt,cp_fundo_r3,256,r8,0.9,0.8356770461618371,0.9540573943674381,0.7480788332858207,0.7844193845959485,-0.009343237883994139,21,0.7206638413982497
gt,cp_fundo_r8,128,nenhum,0.5,0.7262765117959677,0.5889374331086457,0.9560930771094117,1.6471554400818,-0.11874377224986357,1,0.6162301438756351
gt,cp_fundo_r8,128,nenhum,0.6,0.7610704702619319,0.6454880343148468,0.9354028170598501,1.4682851416197442,-0.08394981378389942,2,0.6583890602316271
gt,cp_fundo_r8,128,nenhum,0.7,0.793148859012296,0.7119899372820738,0.9035848959642855,1.2844820663109138,-0.05187142503353526,4,0.6864254652735822
gt,cp_fundo_r8,128,nenhum,0.8,0.8073958036968506,0.7902492281573369,0.835011129407847,1.067109974871015,-0.037624480348980624,10,0.6730708095022345
gt,cp_fundo_r8,128,nenhum,0.9,0.7438000006016401,0.8763341284929509,0.6592435973604048,0.7542681250623186,-0.10122028344419116,4,0.5402137435881735
gt,cp_fundo_r8,128,r3,0.5,0.7802847608812418,0.6822104275779657,0.9171970140035602,1.355957092482198,-0.0647355231645896,2,0.705617798734249
gt,cp_fundo_r8,128,r3,0.6,0.7964732497763961,0.7125810646340992,0.908035170805409,1.2837284434898257,-0.048547034269435164,2,0.7208891900095781
gt,cp_fundo_r8,128,r3,0.7,0.8131528305806563,0.7566550777965656,0.8842352940854997,1.1764582225623161,-0.03186745346517495,10,0.7263145557244107
gt,cp_fundo_r8,128,r3,0.8,0.8162059924424993,0.8169872644425222,0.8228946712606039,1.0131279412039151,-0.02881429160333197,12,0.6950216772237402
gt,cp_fundo_r8,128,r3,0.9,0.7453613802421443,0.8889947771124174,0.6540254165723846,0.7365180407268143,-0.099658903803687,4,0.5473247420455889
gt,cp_fundo_r8,128,r8,0.5,0.72034369632901,0.5877694843114152,0.9395853818163902,1.6219726665191023,-0.12467658771682129,0,0.6155362545043217
gt,cp_fundo_r8,128,r8,0.6,0.7583674664530327,0.6451506830534699,0.9282386598256868,1.4577499435171086,-0.08665281759279858,0,0.6578065290280494
gt,cp_fundo_r8,128,r8,0.7,0.792044534874885,0.7120008248829572,0.9007450257085285,1.280351440157457,-0.052975749170946225,3,0.6860245962546582
gt,cp_fundo_r8,128,r8,0.8,0.8070429699711141,0.7903688078183695,0.8340988433212376,1.0657241947390494,-0.03797731407471712,9,0.6730039001704181
gt,cp_fundo_r8,128,r8,0.9,0.7437372813466053,0.8764312391161263,0.6590746635996324,0.7539680113669266,-0.10128300269922588,4,0.5403097884348136
gt,cp_fundo_r8,256,nenhum,0.5,0.7838690824776327,0.6609650915394152,0.9660563960989711,1.4690405142530416,-0.06115120156819861,2,0.7241783530862739
gt,cp_fundo_r8,256,nenhum,0.6,0.8131732615284879,0.7121336102596001,0.9498714199741903,1.3381212257211608,-0.03184702251734338,6,0.7666201722992675
gt,cp_fundo_r8,256,nenhum,0.7,0.8458220152931694,0.7719098381714187,0.9368322759787328,1.215742339809196,0.0008017312473381086,19,0.8086902538016445
gt,cp_fundo_r8,256,nenhum,0.8,0.8760446923134463,0.8433039051690455,0.9123467204385026,1.0826169534752998,0.031024408267614875,35,0.8421269874080749
gt,cp_fundo_r8,256,nenhum,0.9,0.8749575880388929,0.9250574770464539,0.8317715341804597,0.899410272137243,0.029937303993061617,29,0.8221706707020617
gt,cp_fundo_r8,256,r3,0.5,0.8009367515189084,0.7107294096872481,0.9214022542636215,1.3035108681900316,-0.04408353252692282,3,0.7480425919699538
gt,cp_fundo_r8,256,r3,0.6,0.8225207110754293,0.745808807617994,0.9197056519507062,1.2376092438176047,-0.022499572970401914,11,0.7786188852305815
gt,cp_fundo_r8,256,r3,0.7,0.84779793653513,0.7917225956351688,0.9142519268331368,1.1570076053155827,0.002777652489298816,19,0.8115121889523453
gt,cp_fundo_r8,256,r3,0.8,0.8729041620750326,0.8523421806082716,0.8955454831540345,1.0514406848420201,0.027883878029201375,34,0.8391704680425436
gt,cp_fundo_r8,256,r3,0.9,0.87084449723265,0.9274894698865863,0.822411757205877,0.8869179117828826,0.0258242131868186,29,0.8177906476550882
gt,cp_fundo_r8,256,r8,0.5,0.77362771665829,0.6567076734601368,0.944844402055264,1.4462382638258284,-0.07139256738754128,1,0.7183462992519906
gt,cp_fundo_r8,256,r8,0.6,0.8093178650240137,0.7107085610420426,0.9421274514618769,1.3299130782574986,-0.03570241902181766,4,0.7642209567082056
gt,cp_fundo_r8,256,r8,0.7,0.8446217739687021,0.7715492675683105,0.9344694845266236,1.213246717654273,-0.0003985100771291505,19,0.8078679002219137
gt,cp_fundo_r8,256,r8,0.8,0.8756896450441808,0.8432289438842123,0.9116729204471963,1.081912694651243,0.03066936099834954,35,0.8418871390542773
gt,cp_fundo_r8,256,r8,0.9,0.8748944470643307,0.9250533692509759,0.8316601005971097,0.899293356795244,0.02987416301849958,29,0.8221262808633872
gt,gt_fundo_r3,128,nenhum,0.5,0.8341947022122856,0.7273721618057688,0.9808628582043339,1.3566287493973763,-0.010825581833545555,20,0.7438141446820931
gt,gt_fundo_r3,128,nenhum,0.6,0.8646891000409728,0.7983138992991291,0.9455854290753328,1.189343859609577,0.019668815995141597,26,0.7628515185283873
gt,gt_fundo_r3,128,nenhum,0.7,0.8647532676537169,0.8621774219327109,0.8711446098192528,1.012970113377664,0.01973298360788558,27,0.7308208020507091
gt,gt_fundo_r3,128,nenhum,0.8,0.8053426301371786,0.9114215208306857,0.7297983060402413,0.8010450197255072,-0.03967765390865272,12,0.6011737580436223
gt,gt_fundo_r3,128,nenhum,0.9,0.6007181417274641,0.9404968864683854,0.4572469195247799,0.48303851094883915,-0.24430214231836728,2,0.3287938020602212
gt,gt_fundo_r3,128,r3,0.5,0.8320421795509375,0.771925012317173,0.9062659389110974,1.1804498245495525,-0.012978104494893717,16,0.759532066492274
gt,gt_fundo_r3,128,r3,0.6,0.8481468393091464,0.8249495831077379,0.8762251507354043,1.0663827600557896,0.0031265552633151063,22,0.7617605581293198
gt,gt_fundo_r3,128,r3,0.7,0.8404655155168304,0.877201531831372,0.8111977912542174,0.9271717184629903,-0.0045547685290008326,21,0.720783831708407
gt,gt_fundo_r3,128,r3,0.8,0.7796854331691185,0.919369266473728,0.6849633407932393,0.7454569206271785,-0.06533485087671272,6,0.5904599480239231
gt,gt_fundo_r3,128,r3,0.9,0.581204851427604,0.9441802419200127,0.4341689134676476,0.457015783293556,-0.2638154326182272,0,0.32172746124961654
gt,gt_fundo_r3,128,r8,0.5,0.8148598033360539,0.7286443982248965,0.9290646507711547,1.2845134456599978,-0.030160480709777317,10,0.734029125683738
gt,gt_fundo_r3,128,r8,0.6,0.8430573798665358,0.7983689275359866,0.8972654309814568,1.1300029955227904,-0.001962904179295422,20,0.7520779748313023
gt,gt_fundo_r3,128,r8,0.7,0.8423941545557752,0.8615577029063578,0.8291969711825058,0.966009267790296,-0.002626129490056085,20,0.7207632689014076
gt,gt_fundo_r3,128,r8,0.8,0.7848791243794583,0.910719086332818,0.6983435287111934,0.7677786925847584,-0.06014115966637307,8,0.59483819899117
gt,gt_fundo_r3,128,r8,0.9,0.5864340650970502,0.9400763211404662,0.44112270220355737,0.4664582035889003,-0.2585862189487811,0,0.32652431031107054
gt,gt_fundo_r3,256,nenhum,0.5,0.8699327140487585,0.771391109855414,0.9990244061231703,1.2990995430604402,0.024912430002927238,27,0.8132707850048754
gt,gt_fundo_r3,256,nenhum,0.6,0.9007911280907619,0.8229996185891877,0.9955932757048587,1.2115509333927714,0.05577084404493068,35,0.8575582059169755
gt,gt_fundo_r3,256,nenhum,0.7,0.9273535787742846,0.8782624729156875,0.9825091738605499,1.119305118222067,0.08233329472845327,37,0.8896974427386777
gt,gt_fundo_r3,256,nenhum,0.8,0.9353122701161264,0.9319420271425101,0.9393038632176264,1.008004642060525,0.09029198607029502,37,0.8791889271528092
gt,gt_fundo_r3,256,nenhum,0.9,0.8834523088228434,0.9725415319930546,0.8135259031825827,0.8362830268639027,0.03843202477701213,30,0.7507419498187358
gt,gt_fundo_r3,256,r3,0.5,0.8491139975692965,0.7897909404283175,0.9212737031381066,1.1712358729237966,0.0040937135234652205,20,0.7998723656188602
gt,gt_fundo_r3,256,r3,0.6,0.8731972991469943,0.8339096432496063,0.9185576969202105,1.1040172121919336,0.02817701510116303,33,0.8374334828013515
gt,gt_fundo_r3,256,r3,0.7,0.894886615448011,0.8837292696817177,0.9078029202505675,1.0283173606867233,0.04986633140217966,36,0.8654415751471972
gt,gt_fundo_r3,256,r3,0.8,0.900567811913592,0.9339465944937215,0.8709389757962717,0.9329136202491292,0.05554752786776083,36,0.8546241069738939
gt,gt_fundo_r3,256,r3,0.9,0.8506442456042917,0.9729224368687474,0.7597538359525208,0.7808179208976146,0.005623961558460503,22,0.7318133786809696
gt,gt_fundo_r3,256,r8,0.5,0.8495655932980885,0.773368969962642,0.9450720580177919,1.2262853563719898,0.004545309252257154,20,0.8018497775614225
gt,gt_fundo_r3,256,r8,0.6,0.8783072306384472,0.8240879704848284,0.9419366667346876,1.1452034601568049,0.03328694659261578,34,0.8439132129234733
gt,gt_fundo_r3,256,r8,0.7,0.9029177606134003,0.8784792439211717,0.9299696032649257,1.059584882585859,0.05789747656756912,36,0.8745082755893411
gt,gt_fundo_r3,256,r8,0.8,0.9098002702476744,0.9316393413871353,0.8903165851341681,0.9560333797059657,0.06477998620184311,37,0.8644726642214704
gt,gt_fundo_r3,256,r8,0.9,0.8590275509783081,0.9722304825855507,0.7736625299963855,0.7956998435822602,0.014007266932476854,26,0.7399587346017382
gt,zero,128,nenhum,0.5,0.7722590186066127,0.6434249652270816,0.9768862658893465,1.5517094294682288,-0.07276126543921856,4,0.6183385537239664
gt,zero,128,nenhum,0.6,0.804536477911071,0.7005007801354278,0.9554851863484167,1.3921123316275765,-0.040483806134760214,11,0.6416686091242925
gt,zero,128,nenhum,0.7,0.8280348531193553,0.7618487029572276,0.9162106405719044,1.2233078568002005,-0.01698543092647594,23,0.6534145715433252
gt,zero,128,nenhum,0.8,0.8304604578545921,0.8296487987498942,0.838744323051599,1.0218220952462296,-0.014559826191239147,21,0.6371822066117026
gt,zero,128,nenhum,0.9,0.7543303408211028,0.9011277027083092,0.655550820335859,0.726938714722996,-0.09068994322472838,4,0.5128215920848566
gt,zero,128,r3,0.5,0.8088961785821905,0.736326249905223,0.9031286153417735,1.236585105760686,-0.03612410546364065,8,0.7212442932960186
gt,zero,128,r3,0.6,0.820916769886719,0.7700072198827693,0.8848986933691162,1.1582621283493946,-0.02410351415911222,14,0.7239871728100468
gt,zero,128,r3,0.7,0.8274522305288111,0.8106361235031774,0.8508695008151714,1.0568962949816192,-0.01756805351702017,15,0.7150764312852315
gt,zero,128,r3,0.8,0.81624585234866,0.8598220102742647,0.7825390692176589,0.9141648570455447,-0.028774431697171258,12,0.6746772855088965
gt,zero,128,r3,0.9,0.7326518117928383,0.9152066460438854,0.6171441762973481,0.6732067583179526,-0.11236847225299294,0,0.5182063845099907
gt,zero,128,r8,0.5,0.7650671857153991,0.6578856304525484,0.9255832322104532,1.4345977474940979,-0.0799530983304321,0,0.6359040568757214
gt,zero,128,r8,0.6,0.7921706009229956,0.7105178834847442,0.9061774409905318,1.2992492251526588,-0.05284968312283566,5,0.655492697749018
gt,zero,128,r8,0.7,0.811639580273263,0.768278417427746,0.8702580627258237,1.150845247610419,-0.03338070377256834,13,0.6631231925633819
gt,zero,128,r8,0.8,0.8114671766043233,0.8333413120467863,0.7987856272328511,0.9684496350378464,-0.033553107441507884,13,0.6423093999405994
gt,zero,128,r8,0.9,0.7357260022783931,0.9025941915971767,0.6276582593459806,0.6952549274553037,-0.10929428176743812,0,0.5114498273673981
gt,zero,256,nenhum,0.5,0.8391511454681497,0.7253183140023135,0.9968942060509199,1.3782074277456244,-0.005869138577681475,18,0.7997411586231163
gt,zero,256,nenhum,0.6,0.8700197036426681,0.7753976339052937,0.9918577984854796,1.2813999441360904,0.024999419596836905,30,0.8348812770918596
gt,zero,256,nenhum,0.7,0.8968209950616463,0.8269284417260605,0.9800767762397684,1.1862689416314043,0.05180071101581497,35,0.862313155587095
gt,zero,256,nenhum,0.8,0.9154182039567047,0.882252825370716,0.9515148497960831,1.078769077617165,0.07039791991087338,37,0.8720535196111219
gt,zero,256,nenhum,0.9,0.90313611128706,0.9417981426461037,0.8691320563155905,0.9226771451724155,0.05811582724122867,33,0.8205706061306747
gt,zero,256,r3,0.5,0.8375477714487274,0.7710729916304013,0.9195487726751681,1.1968393616221458,-0.007472512597103828,16,0.7960453360702235
gt,zero,256,r3,0.6,0.856673825391994,0.8067824320229062,0.9153742339822202,1.1372714131682145,0.011653541346162642,24,0.8222004218385796
gt,zero,256,r3,0.7,0.874583343236836,0.8471612124120775,0.9054166501467451,1.0701307903314712,0.02956305919100462,35,0.8431090370790625
gt,zero,256,r3,0.8,0.8864203808811305,0.8933624282981671,0.8807313274723025,0.9862735956779276,0.041400096835299285,35,0.8486609724149071
gt,zero,256,r3,0.9,0.8705194615014518,0.9457059965563696,0.8081617088797594,0.8544228469142415,0.02549917745562058,30,0.796764425621526
gt,zero,256,r8,0.5,0.8267322828093768,0.7375429938630992,0.9431316054642954,1.2830092749904545,-0.01828800123645445,10,0.7900027738463177
gt,zero,256,r8,0.6,0.8531256042827018,0.7833417462969275,0.938501114981696,1.2006647600085032,0.008105320236870545,22,0.8229147814166407
gt,zero,256,r8,0.7,0.8765498949436701,0.8318991779359185,0.9276104680619641,1.1163610777439343,0.03152961089783895,35,0.8486251874117684
gt,zero,256,r8,0.8,0.8924546572337004,0.8849243743367923,0.9011125096140418,1.0186932983930912,0.0474343731878693,36,0.8572810305772046
gt,zero,256,r8,0.9,0.8786250994070778,0.9426977245988863,0.8244382741617211,0.874430616559762,0.03360481536124647,32,0.8062197291090806
miolo,complemento,128,nenhum,0.5,0.5145550268119394,0.9855793260973287,0.3503544326107818,0.35522767835698127,-0.33046525723389186,0,0.387365831289201
miolo,complemento,128,nenhum,0.6,0.40624402093451933,0.9922470007925572,0.2574500183186997,0.25924222990849166,-0.4387762631113119,0,0.2771142901427793
miolo,complemento,128,nenhum,0.7,0.29368289663891584,0.9956535728249394,0.17401083069802864,0.17463602437337775,-0.5513373874069154,0,0.17138907394160985
miolo,complemento,128,nenhum,0.8,0.17005602584769114,0.9970588613719431,0.09417924568813164,0.09439069318214464,-0.6749642581981401,0,0.07952472699201703
miolo,complemento,128,nenhum,0.9,0.04488653252576136,0.9964566220701362,0.023268568798296696,0.02332103641322326,-0.8001337515200699,0,0.018400860217435696
miolo,complemento,128,r3,0.5,0.49115319293706194,0.987136500854743,0.3287556410348001,0.3327530417613689,-0.35386709110876935,0,0.37289721131689585
miolo,complemento,128,r3,0.6,0.38731592839747947,0.9930418096765304,0.2423842728201776,0.24385968152808102,-0.4577043556483519,0,0.26558357769348717
miolo,complemento,128,r3,0.7,0.2799836614563878,0.9960223187799953,0.16449275610096584,0.16501996868673413,-0.5650366225894434,0,0.16382832289596674
miolo,complemento,128,r3,0.8,0.16243670077559305,0.9972051027288187,0.08955372989423102,0.08974123500791831,-0.6825835832702383,0,0.07580281998772208
miolo,complemento,128,r3,0.9,0.043104300114100304,0.9968068085577165,0.022322561342432476,0.022369506159184253,-0.8019159839317309,0,0.017538696313613017
miolo,complemento,128,r8,0.5,0.49556503248244677,0.9864354081697417,0.33270996755243326,0.33700527815574244,-0.3494552515633845,0,0.3789655463208148
miolo,complemento,128,r8,0.6,0.3906251249383951,0.9927051751425274,0.24494280115013783,0.24651321622272243,-0.4543951591074362,0,0.27024179252729125
miolo,complemento,128,r8,0.7,0.28217629898839125,0.9958629712165008,0.16598418803049908,0.16653705003810476,-0.56284398505744,0,0.1666182781487637
miolo,complemento,128,r8,0.8,0.16349321974329073,0.9971746532056829,0.09018942951480002,0.09037948868638414,-0.6815270643025405,0,0.07701915448744483
miolo,complemento,128,r8,0.9,0.04327897105573158,0.9968118964466081,0.022414579751351225,0.022461598165706198,-0.8017413129900998,0,0.017767270097340842
miolo,complemento,256,nenhum,0.5,0.5608920213617958,0.9992682136118658,0.39052544191210853,0.39083087863176375,-0.28412826268403546,0,0.5907732467078187
miolo,complemento,256,nenhum,0.6,0.4851338763561571,0.9997526498715839,0.3205557313484774,0.3206337259466982,-0.3598864076896741,0,0.45923764927022526
miolo,complemento,256,nenhum,0.7,0.40400788562499396,0.9998822699096898,0.2536050865150111,0.25363170311229466,-0.44101239842083734,0,0.3188476116276044
miolo,complemento,256,nenhum,0.8,0.30554467516263756,0.9999161999329527,0.18130837063055968,0.18131962109787478,-0.5394756088831937,0,0.1637992037028503
miolo,complemento,256,nenhum,0.9,0.16467433303700546,0.999983539362412,0.09083146810866236,0.09083266812279953,-0.6803459510088258,0,0.02758041185811742
miolo,complemento,256,r3,0.5,0.5324557584247807,0.9994134495709472,0.36370772332004625,0.36393423211063536,-0.3125645256210506,0,0.5663347202534684
miolo,complemento,256,r3,0.6,0.46041012806916937,0.9998085180624512,0.2994626813638171,0.2995185350508985,-0.3846101559766619,0,0.4396902947924884
miolo,complemento,256,r3,0.7,0.3836559504515007,0.999907829487194,0.23785089715627555,0.2378702733598847,-0.46136433359433066,0,0.305525984387281
miolo,complemento,256,r3,0.8,0.2907663422048668,0.9999292657005402,0.17100997495044967,0.1710183218230926,-0.5542539418409644,0,0.15777365329807172
miolo,complemento,256,r3,0.9,0.15727662889130314,0.9999938853479211,0.08633388417117456,0.08633455408659652,-0.6877436551545281,0,0.02688050364563092
miolo,complemento,256,r8,0.5,0.5377784491489315,0.9993929410015564,0.3686957370271055,0.3689342442466703,-0.3072418348968998,0,0.5753330550165223
miolo,complemento,256,r8,0.6,0.46483351982471716,0.9998023557046583,0.3032033348549032,0.3032618056727795,-0.3801867642211141,0,0.4466328112792957
miolo,complemento,256,r8,0.7,0.3870795648373819,0.9999069980675004,0.24047575064029783,0.24049554613166113,-0.45794071920844936,0,0.3098467668283624
miolo,complemento,256,r8,0.8,0.29304412256425505,0.9999299720685096,0.1725858268558001,0.17259417372844302,-0.5519761614815762,0,0.15938928090273422
miolo,complemento,256,r8,0.9,0.15822211488967436,0.9999939123782265,0.08690659675150642,0.08690726666692838,-0.686798169156157,0,0.02693614449365858
miolo,cp_fundo_esparso,128,nenhum,0.5,0.7020851895810072,0.8300637478364518,0.6244286969360121,0.7683637150876041,-0.14293509446482403,0,0.5713640189006607
miolo,cp_fundo_esparso,128,nenhum,0.6,0.6485959290816368,0.8812767349789149,0.5255753778948254,0.6034510601732604,-0.19642435496419453,0,0.47770903436792705
miolo,cp_fundo_esparso,128,nenhum,0.7,0.567594738583928,0.9192786614728453,0.42058842039575595,0.4593992905290315,-0.2774255454619033,0,0.3485031108187211
miolo,cp_fundo_esparso,128,nenhum,0.8,0.45101186727144926,0.9475417043456037,0.303941035167068,0.31982363710970624,-0.394008416774382,0,0.1933224442856207
miolo,cp_fundo_esparso,128,nenhum,0.9,0.27372227940462507,0.9644054191716946,0.16411076137378985,0.16821610957082173,-0.5712980046412062,0,0.04987498704918938
miolo,cp_fundo_esparso,128,r3,0.5,0.6959978046153182,0.889098100956289,0.5807744767904823,0.6579139632322633,-0.149022479430513,0,0.5648298343377745
miolo,cp_fundo_esparso,128,r3,0.6,0.6325597639200317,0.9200991297351301,0.4904901396542686,0.5352068932048729,-0.2124605201257996,0,0.4656866440654641
miolo,cp_fundo_esparso,128,r3,0.7,0.5483877960372026,0.9440699023553231,0.39440718965591987,0.4179276560193978,-0.2966324880086287,0,0.3371152248850235
miolo,cp_fundo_esparso,128,r3,0.8,0.4338641426112833,0.9628899342154271,0.28701632215564227,0.29705052185438435,-0.411156141434548,0,0.1863883218642716
miolo,cp_fundo_esparso,128,r3,0.9,0.26402638294865455,0.9742205754565958,0.15702556006498536,0.15973804721644955,-0.5809939010971767,0,0.04822497554718549
miolo,cp_fundo_esparso,128,r8,0.5,0.6924032877412737,0.8589153133099223,0.5905862615973202,0.6965437873559542,-0.15261699630455758,0,0.5640506467805957
miolo,cp_fundo_esparso,128,r8,0.6,0.6331641535572767,0.8992767243929501,0.4978308584758059,0.5577284000011378,-0.2118561304885545,0,0.46935381090708433
miolo,cp_fundo_esparso,128,r8,0.7,0.5507467222832177,0.9295928957711391,0.3994811637562455,0.43060773330829566,-0.29427356176261354,0,0.3414245196364276
miolo,cp_fundo_esparso,128,r8,0.8,0.43646430295205746,0.9530948071432311,0.290050865088745,0.3032101706581537,-0.4085559810937738,0,0.1890824778048259
miolo,cp_fundo_esparso,128,r8,0.9,0.26559481060572776,0.967311245422707,0.15822680999935268,0.161751100380575,-0.5794254734401035,0,0.04881515692929888
miolo,cp_fundo_esparso,256,nenhum,0.5,0.5923724432191141,0.5554748323983137,0.7668927220960999,1.9521611836207604,-0.25264784082671715,0,0.7898181491639145
miolo,cp_fundo_esparso,256,nenhum,0.6,0.5858274710853576,0.5860552567621131,0.6996851349059949,1.6701013439751276,-0.2591928129604736,0,0.7646362849122458
miolo,cp_fundo_esparso,256,nenhum,0.7,0.5711219540237189,0.6180981922794854,0.6241790992368048,1.3864011698267973,-0.2738983300221124,0,0.7152056609475291
miolo,cp_fundo_esparso,256,nenhum,0.8,0.5432606019452489,0.6566254092796999,0.5324103750149262,1.0792541558408169,-0.3017596821005823,0,0.6312994416017998
miolo,cp_fundo_esparso,256,nenhum,0.9,0.4816487038478472,0.7190895762673445,0.40110710870809885,0.6988266214977233,-0.3633715801979841,0,0.46968379208002214
miolo,cp_fundo_esparso,256,r3,0.5,0.7683211284085274,0.8537259423583752,0.7095480391448722,0.8459219401070213,-0.07669915563730387,0,0.7927226176994909
miolo,cp_fundo_esparso,256,r3,0.6,0.7395158975445039,0.8812688262852943,0.6478021361525484,0.7476655672727601,-0.10550438650132735,0,0.7571723955379874
miolo,cp_fundo_esparso,256,r3,0.7,0.69934986716818,0.9074608407043206,0.5787218400308413,0.6476813783874189,-0.14567041687765125,0,0.7007371442726368
miolo,cp_fundo_esparso,256,r3,0.8,0.6398150286611842,0.9336144387003947,0.4949502317968533,0.5369431435570918,-0.20520525538464704,0,0.6134861201379617
miolo,cp_fundo_esparso,256,r3,0.9,0.5332023789390935,0.9620494444726857,0.37514846317871503,0.39330183088317294,-0.31181790510673774,0,0.45445987577267527
miolo,cp_fundo_esparso,256,r8,0.5,0.7384052519826653,0.7793772407439823,0.7226257987778875,0.9688515731435472,-0.10661503206316598,0,0.7965928011492629
miolo,cp_fundo_esparso,256,r8,0.6,0.7185839420121116,0.8178504716034464,0.6589221853593052,0.8375189773210971,-0.12643634203371965,0,0.7641591903570757
miolo,cp_fundo_esparso,256,r8,0.7,0.6863611247371699,0.8557472797590171,0.5877598671127178,0.709414319204364,-0.1586591593086613,0,0.7091775798924255
miolo,cp_fundo_esparso,256,r8,0.8,0.6337851789197648,0.8950149274124741,0.5017321834726034,0.5744247188220333,-0.2112351051260664,0,0.6217417141568745
miolo,cp_fundo_esparso,256,r8,0.9,0.5328335493856157,0.9400006448179143,0.3791940005879074,0.40929266928523345,-0.3121867346602156,0,0.46053148454231135
miolo,cp_fundo_r3,128,nenhum,0.5,0.760658335381122,0.8776592669493658,0.6760216838219318,0.7725250648952592,-0.08436194866470914,0,0.6588744095083018
miolo,cp_fundo_r3,128,nenhum,0.6,0.6761148647740935,0.9245643944650273,0.5393275239040218,0.5842852484691026,-0.16890541927173777,0,0.5241998676513486
miolo,cp_fundo_r3,128,nenhum,0.7,0.5443668359559709,0.9540650505074858,0.38924676324902496,0.4084571189593445,-0.30065344808986033,0,0.32728217726130776
miolo,cp_fundo_r3,128,nenhum,0.8,0.36339365203452856,0.9708958358452756,0.23202359617538212,0.23899833297807538,-0.4816266320113027,0,0.13135896522844565
miolo,cp_fundo_r3,128,nenhum,0.9,0.15052032931557913,0.9759747422143766,0.08564827182697822,0.08725746572192236,-0.6944999547302522,0,0.022042729376875392
miolo,cp_fundo_r3,128,r3,0.5,0.7597946019975172,0.8829412033353277,0.6716702815744365,0.7628612346936368,-0.08522568204831396,0,0.6595136061635573
miolo,cp_fundo_r3,128,r3,0.6,0.6758495419738767,0.9272170367299205,0.5381445676802461,0.5813317149789756,-0.1691707420719546,0,0.5239691172837687
miolo,cp_fundo_r3,128,r3,0.7,0.5442921340955758,0.9554925230171518,0.38894923368937767,0.4075536167609111,-0.30072814995025554,0,0.3271456887506771
miolo,cp_fundo_r3,128,r3,0.8,0.3633700232941165,0.9719100069340314,0.2319542229615869,0.23871003547726372,-0.48165026075171474,0,0.13129305097739552
miolo,cp_fundo_r3,128,r3,0.9,0.15051334873938432,0.9775240387855016,0.08563869482069165,0.08717051666452087,-0.6945069353064469,0,0.02202719359071101
miolo,cp_fundo_r3,128,r8,0.5,0.7594580803226048,0.8775177057444641,0.6742713046492219,0.7706756896441435,-0.08556220372322647,0,0.658541806093031
miolo,cp_fundo_r3,128,r8,0.6,0.675900197422329,0.9246521926956861,0.5390491119512886,0.5839465366601846,-0.16912008662350225,0,0.5241554409701222
miolo,cp_fundo_r3,128,r8,0.7,0.5443478180821186,0.9542127796166029,0.38921492362538473,0.4083787912474865,-0.3006724659637126,0,0.3272724426952913
miolo,cp_fundo_r3,128,r8,0.8,0.3633958133200672,0.9711703913184219,0.23201864283037416,0.23894976368054496,-0.48162447072576403,0,0.13135896522844565
miolo,cp_fundo_r3,128,r8,0.9,0.15052326714481512,0.9768583523813826,0.08564827182697822,0.08721547419966147,-0.6944970169010162,0,0.022042729376875392
miolo,cp_fundo_r3,256,nenhum,0.5,0.8202384252115297,0.8579522863890167,0.7921909531294324,0.9286865014276036,-0.02478185883430158,2,0.8230497612709217
miolo,cp_fundo_r3,256,nenhum,0.6,0.795078782792819,0.8966960686241939,0.7205339026416918,0.8072908269048706,-0.04994150125301233,0,0.7920389688633153
miolo,cp_fundo_r3,256,nenhum,0.7,0.747082942540182,0.9294628464512553,0.6309385528171522,0.6814923672775721,-0.09793734150564916,0,0.704434900788031
miolo,cp_fundo_r3,256,nenhum,0.8,0.6639761666441645,0.9566280718982785,0.5150888321191116,0.5401435824305395,-0.18104411740166676,0,0.5358436041273918
miolo,cp_fundo_r3,256,nenhum,0.9,0.5114856401676655,0.9794366788825768,0.35268916324559374,0.3607903010974594,-0.3335346438781658,0,0.25961942607871125
miolo,cp_fundo_r3,256,r3,0.5,0.8182893072010734,0.8581997443523542,0.7884850734748529,0.924051796821694,-0.026730976844757896,1,0.8203120693033004
miolo,cp_fundo_r3,256,r3,0.6,0.7946347539686985,0.8968923719555087,0.719701368034504,0.8061731998195757,-0.050385530077132756,0,0.7912858411580418
miolo,cp_fundo_r3,256,r3,0.7,0.7469820285309223,0.9295533181245419,0.6307578049763521,0.6812294422723343,-0.09803825551490888,0,0.7043196564493551
miolo,cp_fundo_r3,256,r3,0.8,0.6639523442740931,0.9566658376187289,0.5150502481326567,0.5400818399618895,-0.18106793977173818,0,0.5358222821098292
miolo,cp_fundo_r3,256,r3,0.9,0.511480844814267,0.9794437218305361,0.352683562044937,0.3607816160603873,-0.33353943923156426,0,0.259613899891272
miolo,cp_fundo_r3,256,r8,0.5,0.8188212923738524,0.8576207833116845,0.7899560883829194,0.9264367606727556,-0.026198991671978915,2,0.8213241316300811
miolo,cp_fundo_r3,256,r8,0.6,0.7948588879526748,0.8966600867770309,0.7202123053428988,0.8069638669387892,-0.05016139609315648,0,0.7916441023823211
miolo,cp_fundo_r3,256,r8,0.7,0.7470576238528451,0.9294624630366396,0.6309046093673214,0.6814560457345499,-0.09796266019298608,0,0.7043787205988129
miolo,cp_fundo_r3,256,r8,0.8,0.6639700587474183,0.9566296193042171,0.515082042903727,0.5401359042731599,-0.181050225298413,0,0.535826164373222
miolo,cp_fundo_r3,256,r8,0.9,0.5114836946579882,0.9794366482823862,0.35268747822215696,0.3607886160740227,-0.3335365893878432,0,0.25961942607871125
miolo,cp_fundo_r8,128,nenhum,0.5,0.7466100866903432,0.7366863677480122,0.7645119378541432,1.0458469596685842,-0.09841019735548807,0,0.623337716220798
miolo,cp_fundo_r8,128,nenhum,0.6,0.7195733376769294,0.805162723937171,0.6598153647792661,0.8251054332947608,-0.1254469463689018,0,0.5672476950017509
miolo,cp_fundo_r8,128,nenhum,0.7,0.6485616682914117,0.8627339118858383,0.5311154588516174,0.6196055955949249,-0.19645861575441964,0,0.44833742249086317
miolo,cp_fundo_r8,128,nenhum,0.8,0.5191154054586057,0.9086350564807014,0.3758001912977532,0.41568289854153695,-0.32590487858722555,0,0.2788226920641285
miolo,cp_fundo_r8,128,nenhum,0.9,0.30621471312462506,0.9400836099191066,0.19137472062775898,0.20345016209599356,-0.5388055709212062,0,0.10465102618414764
miolo,cp_fundo_r8,128,r3,0.5,0.7654103470826542,0.7899600408084948,0.7493424809115643,0.9531545395817289,-0.0796099369631771,0,0.6478031805862393
miolo,cp_fundo_r8,128,r3,0.6,0.728157839970859,0.8400279123476327,0.6513556124739852,0.778632983798083,-0.11686244407497216,0,0.5745794601820319
miolo,cp_fundo_r8,128,r3,0.7,0.6516862439305247,0.8850109524379287,0.5266976623331893,0.5975152585798051,-0.19333404011530667,0,0.4482324889294902
miolo,cp_fundo_r8,128,r3,0.8,0.5198067044205071,0.9226413926116687,0.37389881596200913,0.40651716179267267,-0.3252135796253242,0,0.27738226679522904
miolo,cp_fundo_r8,128,r3,0.9,0.3061474199783786,0.9497472030876816,0.19085224641948087,0.20068868619775435,-0.5388728640674527,0,0.1042443840145089
miolo,cp_fundo_r8,128,r8,0.5,0.7449398117754884,0.7373907605599012,0.7603934243180069,1.0391597510632526,-0.10008047227034292,0,0.62265095416071
miolo,cp_fundo_r8,128,r8,0.6,0.7190033936825404,0.8057644636145568,0.6585021794736274,0.8227923686173979,-0.1260168903632909,0,0.5667816850368199
miolo,cp_fundo_r8,128,r8,0.7,0.6483724451376919,0.8631404035608871,0.5307150943724807,0.6188045562684316,-0.1966478389081394,0,0.4480486552581178
miolo,cp_fundo_r8,128,r8,0.8,0.5190664563772603,0.9089649269500636,0.3756963271346722,0.4154036970905522,-0.32595382766857084,0,0.2787039078580768
miolo,cp_fundo_r8,128,r8,0.9,0.3062114053637965,0.9405848983145891,0.19135778584773833,0.20333714183005178,-0.5388088786820348,0,0.10464919817708995
miolo,cp_fundo_r8,256,nenhum,0.5,0.7872015416610798,0.828016486000608,0.7569488860200261,0.9217774304649179,-0.05781874238475142,0,0.7964792241691953
miolo,cp_fundo_r8,256,nenhum,0.6,0.7635673238491872,0.8779249846263487,0.6810259936014778,0.780242474904028,-0.08145296019664403,0,0.782264028400338
miolo,cp_fundo_r8,256,nenhum,0.7,0.719758710458548,0.9203530917369418,0.5951799819269529,0.6492291013827686,-0.12526157358728326,0,0.7286894748831173
miolo,cp_fundo_r8,256,nenhum,0.8,0.6464496458327245,0.9552019954605822,0.49162991972897396,0.5159335163870716,-0.19857063821310678,0,0.6195947845123723
miolo,cp_fundo_r8,256,nenhum,0.9,0.5136216845974828,0.9823311411040081,0.35030505808643664,0.35698289826414054,-0.33139859944834843,0,0.3988214666900116
miolo,cp_fundo_r8,256,r3,0.5,0.7914198701629552,0.8557186874093949,0.7423336307771964,0.8733948480179279,-0.05360041388287607,0,0.7985796138114742
miolo,cp_fundo_r8,256,r3,0.6,0.7641874879502031,0.8952341669118409,0.6718546367424422,0.7542558071115575,-0.08083279609562813,0,0.7793671546126735
miolo,cp_fundo_r8,256,r3,0.7,0.7182402609208345,0.9299109759628127,0.5892123284137447,0.6358540600474244,-0.1267800231249968,0,0.7237710426805184
miolo,cp_fundo_r8,256,r3,0.8,0.6444140807667866,0.9593560204874036,0.4882293883328912,0.5100595042861026,-0.2006062032790447,0,0.6148781777869294
miolo,cp_fundo_r8,256,r3,0.9,0.5124609381926647,0.983452219319631,0.34910453177669015,0.3553352533991367,-0.33255934585316654,0,0.39666955766662887
miolo,cp_fundo_r8,256,r8,0.5,0.7848506863664483,0.8274635439326964,0.7531509198888724,0.9177562655740457,-0.060169597679383,0,0.7934970120623968
miolo,cp_fundo_r8,256,r8,0.6,0.7628727229255644,0.8778372979825253,0.6800024260377086,0.779151815882781,-0.0821475611202668,0,0.7811849885697284
miolo,cp_fundo_r8,256,r8,0.7,0.7195460443686144,0.9203519027554248,0.5948980607973758,0.648924463839057,-0.1254742396772169,0,0.7283977414331254
miolo,cp_fundo_r8,256,r8,0.8,0.6463896675172581,0.9552090270638268,0.49155960380226377,0.515855523973831,-0.1986306165285731,0,0.6195356838777527
miolo,cp_fundo_r8,256,r8,0.9,0.5136137568590126,0.9823331046111303,0.3502975368939234,0.35697446208463357,-0.3314065271868186,0,0.39881595219512667
miolo,gt_fundo_r3,128,nenhum,0.5,0.7973055627710772,0.8973166048971408,0.7215543081015638,0.8050935517044786,-0.04771472127475407,8,0.6788911022323559
miolo,gt_fundo_r3,128,nenhum,0.6,0.7082021026867361,0.9403514397181406,0.5740217845308856,0.6103909951843765,-0.13681818135909518,0,0.5373069201454094
miolo,gt_fundo_r3,128,nenhum,0.7,0.5692685711946656,0.965312198651928,0.41235769943920497,0.4269568584159713,-0.27575171285116573,0,0.32985830258092846
miolo,gt_fundo_r3,128,nenhum,0.8,0.3793133959261207,0.9786384906300727,0.2446077407095176,0.2496283015041304,-0.4657068881197105,0,0.12602173622511637
miolo,gt_fundo_r3,128,nenhum,0.9,0.1594694743863763,0.9838573445591597,0.09159375708857283,0.09265956021773812,-0.685550809659455,0,0.017834534073003106
miolo,gt_fundo_r3,128,r3,0.5,0.770459620960622,0.9073564211812208,0.6740004506955738,0.7438486733804777,-0.07456066308520917,2,0.6627683393468723
miolo,gt_fundo_r3,128,r3,0.6,0.6814152959808611,0.9452285817811369,0.5391597209469314,0.5705865544798912,-0.16360498806497015,0,0.5200449322937974
miolo,gt_fundo_r3,128,r3,0.7,0.5471733127479315,0.9676401294327928,0.39017543351940254,0.4031612279812627,-0.29784697129789983,0,0.3184146278797359
miolo,gt_fundo_r3,128,r3,0.8,0.3657504828442083,0.979782822895358,0.23385814044679798,0.2384462150033816,-0.479269801201623,0,0.12213260571993867
miolo,gt_fundo_r3,128,r3,0.9,0.1549260999174485,0.9842847093710408,0.08867836355331714,0.08968213276815559,-0.6900941841283827,0,0.017353358817506704
miolo,gt_fundo_r3,128,r8,0.5,0.7747279851805838,0.8981147559762046,0.6856085331716678,0.7646324059065829,-0.07029229886524743,3,0.6673288544118918
miolo,gt_fundo_r3,128,r8,0.6,0.6866645688871966,0.9406814011987705,0.5470580541070665,0.5818226345740963,-0.1583557151586347,0,0.5271642382659874
miolo,gt_fundo_r3,128,r8,0.7,0.5516409033841557,0.9654630330825548,0.39495881337574834,0.4090602077295623,-0.29337938066167557,0,0.32363695752868765
miolo,gt_fundo_r3,128,r8,0.8,0.36843401237171813,0.9787990448452202,0.23608917350076952,0.24097869066603078,-0.47658627167411316,0,0.12390606394968827
miolo,gt_fundo_r3,128,r8,0.9,0.15582387956834767,0.9839110774246522,0.08926969672679462,0.09031921004388895,-0.6891964044774835,0,0.01753859225036748
miolo,gt_fundo_r3,256,nenhum,0.5,0.8702582457523786,0.8986599981795041,0.847912141740015,0.9470958052911193,0.025237961706547477,29,0.8534464460369344
miolo,gt_fundo_r3,256,nenhum,0.6,0.8410518919590129,0.9366791163663135,0.7670712525906815,0.8208361546588365,-0.003968392086818371,19,0.8267616428217731
miolo,gt_fundo_r3,256,nenhum,0.7,0.7842552624244351,0.9645478323934584,0.6646273728909621,0.6900352581248225,-0.060765021621396235,2,0.7399478201944856
miolo,gt_fundo_r3,256,nenhum,0.8,0.688975239775551,0.9833693573790983,0.5346048013032413,0.544007781979471,-0.15604504427028026,0,0.5670587394457732
miolo,gt_fundo_r3,256,nenhum,0.9,0.5205218376763996,0.9946881118302826,0.35782529549426506,0.35971067053316214,-0.3244984463694317,0,0.27763159088290806
miolo,gt_fundo_r3,256,r3,0.5,0.839805455507557,0.903859462397369,0.7895790008464612,0.8770687566477675,-0.005214828538274261,19,0.8308055996331243
miolo,gt_fundo_r3,256,r3,0.6,0.8094169942905259,0.9391461485358061,0.7161946940406942,0.7645447037716009,-0.03560328975530529,5,0.8016870380773894
miolo,gt_fundo_r3,256,r3,0.7,0.7534305031769518,0.9654988981518807,0.6226056851552164,0.6458713960745579,-0.09158978086887941,0,0.7160261248367196
miolo,gt_fundo_r3,256,r3,0.8,0.6613943376468385,0.9835985144160656,0.5031524584361582,0.511920900044228,-0.1836259463989927,0,0.5496584355215406
miolo,gt_fundo_r3,256,r3,0.9,0.5002402351585385,0.9947002435444008,0.339421446654644,0.3412103242737594,-0.3447800488872927,0,0.2714696690336462
miolo,gt_fundo_r3,256,r8,0.5,0.8460408089210756,0.8998323812146293,0.8035637641369993,0.8966134011266441,0.0010205248752442435,22,0.8393937916807218
miolo,gt_fundo_r3,256,r8,0.6,0.8160777281261749,0.9371617163230124,0.7276452705296584,0.7784386830169336,-0.028942555919656363,9,0.8115796383290147
miolo,gt_fundo_r3,256,r8,0.7,0.7596986326682899,0.9645989047046679,0.6314041881265163,0.6556313129671609,-0.08532165137754148,0,0.7255044815017119
miolo,gt_fundo_r3,256,r8,0.8,0.666613235271568,0.9832552226476441,0.5091662723155161,0.5182301071704007,-0.17840704877426328,0,0.5566308997554222
miolo,gt_fundo_r3,256,r8,0.9,0.5034743461968442,0.9946410039640236,0.3423554064881224,0.34418122992166245,-0.3415459378489872,0,0.2738244087499311
miolo,zero,128,nenhum,0.5,0.6663577934631633,0.9227340015879353,0.5255209327254836,0.5750652480454868,-0.17866249058266798,0,0.5422408262890323
miolo,zero,128,nenhum,0.6,0.5926962689696436,0.9454185047449797,0.4353677789295776,0.46292946863573076,-0.2523240150761876,0,0.43894956924971407
miolo,zero,128,nenhum,0.7,0.5031070925020882,0.9633342282722955,0.3443327122997108,0.3572697036993218,-0.3419131915437431,0,0.309286553186568
miolo,zero,128,nenhum,0.8,0.38841681900313973,0.9771820592950082,0.2465731661154873,0.2509391397761013,-0.45660346504269156,0,0.16424882464367
miolo,zero,128,nenhum,0.9,0.22764266835962896,0.9805754408866211,0.1319685597155208,0.13315649629786055,-0.6173776156862023,0,0.04156593576071061
miolo,zero,128,r3,0.5,0.6428603774561163,0.9394149976882212,0.49114251277063753,0.5240372789075347,-0.202159906589715,0,0.5300189839778279
miolo,zero,128,r3,0.6,0.5692136556335576,0.9575021715243462,0.4077129465766139,0.42586822406404956,-0.2758066284122736,0,0.42532216014959995
miolo,zero,128,r3,0.7,0.4815588475139306,0.9713119276872875,0.3234335690277472,0.33226965342173626,-0.3634614365319007,0,0.29884150775986545
miolo,zero,128,r3,0.8,0.37125441528906816,0.9815326198550667,0.23268518784015954,0.23592841439477832,-0.4737658687567631,0,0.1589017597372425
miolo,zero,128,r3,0.9,0.2180593939214753,0.9848108784601827,0.12557191040731253,0.12642815664509421,-0.626960890124356,0,0.04060282511814952
miolo,zero,128,r8,0.5,0.6456439800556131,0.9268660851227561,0.49844395372807904,0.5418316737448197,-0.19937630399021816,0,0.5329199375327343
miolo,zero,128,r8,0.6,0.5727268376676063,0.9484904061288022,0.4131806321749263,0.437254072857693,-0.2722934463782249,0,0.43059967523319376
miolo,zero,128,r8,0.7,0.4850548718644532,0.9652460465519813,0.3272286058736032,0.33873980756515804,-0.35996541218137806,0,0.3032928319498324
miolo,zero,128,r8,0.8,0.3740482197916308,0.9780938418941973,0.23497560194435568,0.23895822288801083,-0.4709720642542005,0,0.16142572634366445
miolo,zero,128,r8,0.9,0.21940007283162702,0.981344394193261,0.12647207669543603,0.1275503637930722,-0.6256202112142043,0,0.041080824195973226
miolo,zero,256,nenhum,0.5,0.7539911205375445,0.9633054170872842,0.6222627964805899,0.646957783665636,-0.09102916350828674,2,0.7880468217911595
miolo,zero,256,nenhum,0.6,0.7038410311135019,0.9787199164235132,0.551651380547101,0.5640345978149953,-0.14117925293232936,0,0.7290462024943299
miolo,zero,256,nenhum,0.7,0.6432894246799958,0.9881857210003256,0.47839190142563853,0.48422690818632697,-0.2017308593658354,0,0.6508183645531791
miolo,zero,256,nenhum,0.8,0.5636888126037243,0.9943101978841555,0.39451918767962246,0.396792374084792,-0.281331471442107,0,0.5420601977392144
miolo,zero,256,nenhum,0.9,0.43031701034295006,0.997842554844271,0.27578385167506114,0.2763613162673642,-0.4147032737028812,0,0.3582718380039011
miolo,zero,256,r3,0.5,0.7234083596884708,0.9711520612101252,0.5793479435390313,0.5973029940793445,-0.12161192435736039,0,0.7615240550813681
miolo,zero,256,r3,0.6,0.6733095071554935,0.9833207816503642,0.5142176623618314,0.5232862265954716,-0.17171077689033779,0,0.7028624957560022
miolo,zero,256,r3,0.7,0.6142338104894857,0.9909063458433067,0.4467834300377498,0.45101782498807846,-0.23078647355634563,0,0.6262698102980715
miolo,zero,256,r3,0.8,0.5377358631963104,0.9956414755920912,0.3697015325100056,0.37135783986030635,-0.3072844208495208,0,0.521484154781164
miolo,zero,256,r3,0.9,0.41127146191598546,0.9981982325129118,0.26053368120407094,0.2609905305439634,-0.4337488221298458,0,0.34584327554002453
miolo,zero,256,r8,0.5,0.729643019787389,0.9690123254158509,0.5880363023554332,0.6075387776742508,-0.11537726425844227,0,0.7721095780403721
miolo,zero,256,r8,0.6,0.6793423509453742,0.9822913449229059,0.5215024229942757,0.5312335133345361,-0.16567793310045706,0,0.713106955052024
miolo,zero,256,r8,0.7,0.6197461918879472,0.9905058468985728,0.45268051860500835,0.45714968461211136,-0.22527409215788413,0,0.6356570592854509
miolo,zero,256,r8,0.8,0.5424064621191476,0.995513763497892,0.37412391327212985,0.37584851424726007,-0.3026138219266836,0,0.5291947830285588
miolo,zero,256,r8,0.9,0.4143881737495971,0.9981439666488356,0.2630370895535854,0.26351192476580465,-0.43063211029623416,0,0.3501705268936182
